application_id,session_id,user_id,service_code,channel,status,time_to_submit_sec,submitted_at
A4000,S2717,U1355,ID_REPLACEMENT,web,completed,517,2025-04-04
A4001,S2143,U1486,LAND,web,completed,263,2025-04-29
A4002,S2332,U1139,DL,voice,completed,606,2025-01-22
A4003,S2372,U1268,ID_REPLACEMENT,voice,abandoned,392,2025-04-14
A4004,S3198,U1139,DL,ussd,failed,351,2025-01-15
A4005,S2216,U1461,ID_REPLACEMENT,web,failed,415,2025-03-23
A4006,S2613,U1265,ID_REPLACEMENT,voice,failed,799,2025-02-04
A4007,S2006,U1171,ID_REPLACEMENT,web,abandoned,301,2025-03-23
A4008,S2016,U1186,BIRTH_CERT,voice,failed,569,2025-04-19
A4009,S2892,U1391,DL,web,completed,462,2025-03-12
A4010,S2471,U1151,ID_REPLACEMENT,voice,completed,59,2025-01-31
A4011,S3125,U1164,DL,web,completed,1717,2025-03-08
A4012,S2912,U1170,BIRTH_CERT,web,completed,289,2025-04-09
A4013,S2464,U1111,LAND,voice,failed,1054,2025-03-13
A4014,S2472,U1344,LAND,web,completed,469,2025-01-29
A4015,S2828,U1263,DL,ussd,completed,478,2025-02-07
A4016,S2328,U1191,DL,web,completed,418,2025-03-20
A4017,S2386,U1460,BIRTH_CERT,voice,abandoned,215,2025-03-07
A4018,S3196,U1066,DL,voice,completed,468,2025-03-11
A4019,S2698,U1200,BIRTH_CERT,voice,failed,568,2025-04-21
A4020,S3021,U1423,DL,web,completed,983,2025-03-18
A4021,S3055,U1073,BIRTH_CERT,voice,abandoned,731,2025-01-15
A4022,S2768,U1494,BIRTH_CERT,voice,abandoned,818,2025-01-16
A4023,S2103,U1301,LAND,voice,completed,1774,2025-03-28
A4024,S2007,U1466,LAND,ussd,abandoned,441,2025-04-22
A4025,S2226,U1091,DL,ussd,abandoned,1367,2025-04-13
A4026,S2218,U1401,BIRTH_CERT,web,completed,355,2025-02-08
A4027,S2055,U1209,DL,voice,abandoned,666,2025-03-01
A4028,S2027,U1071,ID_REPLACEMENT,web,abandoned,472,2025-02-23
A4029,S2364,U1232,LAND,web,abandoned,526,2025-02-14
A4030,S2875,U1231,DL,voice,completed,216,2025-03-27
A4031,S2524,U1135,ID_REPLACEMENT,voice,completed,401,2025-03-23
A4032,S2894,U1186,BIRTH_CERT,voice,completed,646,2025-01-04
A4033,S2791,U1035,ID_REPLACEMENT,voice,failed,737,2025-02-05
A4034,S2915,U1351,LAND,voice,completed,600,2025-03-25
A4035,S2439,U1020,BIRTH_CERT,voice,abandoned,303,2025-03-19
A4036,S2080,U1492,DL,ussd,completed,484,2025-03-25
A4037,S2799,U1258,LAND,web,abandoned,642,2025-01-11
A4038,S3092,U1087,LAND,web,completed,75,2025-01-01
A4039,S3143,U1015,LAND,voice,abandoned,1608,2025-03-11
A4040,S2436,U1210,DL,web,completed,581,2025-01-16
A4041,S2774,U1054,DL,web,abandoned,874,2025-04-20
A4042,S2391,U1149,ID_REPLACEMENT,voice,completed,350,2025-02-24
A4043,S2918,U1277,ID_REPLACEMENT,ussd,abandoned,96,2025-02-22
A4044,S2874,U1112,BIRTH_CERT,web,completed,957,2025-04-10
A4045,S2214,U1332,LAND,web,abandoned,479,2025-03-05
A4046,S2844,U1395,ID_REPLACEMENT,voice,completed,914,2025-01-24
A4047,S2189,U1443,BIRTH_CERT,voice,abandoned,1687,2025-03-04
A4048,S3196,U1475,DL,voice,completed,613,2025-03-16
A4049,S2214,U1455,ID_REPLACEMENT,web,completed,411,2025-03-07
A4050,S2808,U1008,BIRTH_CERT,ussd,completed,279,2025-03-29
A4051,S3134,U1083,LAND,web,failed,670,2025-02-21
A4052,S3033,U1462,LAND,voice,failed,334,2025-01-04
A4053,S2491,U1451,ID_REPLACEMENT,ussd,completed,359,2025-03-07
A4054,S3195,U1023,LAND,ussd,abandoned,60,2025-02-09
A4055,S2651,U1383,ID_REPLACEMENT,voice,completed,763,2025-03-14
A4056,S3175,U1047,LAND,voice,failed,799,2025-04-23
A4057,S2981,U1428,LAND,voice,completed,54,2025-02-09
A4058,S2961,U1261,DL,voice,completed,549,2025-03-24
A4059,S2495,U1119,BIRTH_CERT,web,failed,1464,2025-02-08
A4060,S2018,U1447,LAND,ussd,completed,774,2025-03-23
A4061,S2266,U1086,DL,ussd,completed,993,2025-01-09
A4062,S2709,U1359,BIRTH_CERT,voice,completed,795,2025-02-13
A4063,S2815,U1398,LAND,voice,completed,76,2025-01-29
A4064,S2887,U1285,DL,voice,completed,1215,2025-03-22
A4065,S2320,U1467,ID_REPLACEMENT,voice,completed,270,2025-04-27
A4066,S2142,U1282,LAND,voice,completed,222,2025-04-14
A4067,S2948,U1410,LAND,voice,failed,130,2025-02-20
A4068,S2305,U1225,BIRTH_CERT,web,failed,621,2025-01-05
A4069,S2786,U1224,LAND,voice,completed,169,2025-02-08
A4070,S2741,U1116,DL,web,abandoned,269,2025-04-01
A4071,S2272,U1185,BIRTH_CERT,voice,completed,693,2025-02-13
A4072,S2955,U1265,BIRTH_CERT,ussd,abandoned,437,2025-01-15
A4073,S2401,U1456,BIRTH_CERT,ussd,completed,357,2025-04-17
A4074,S2187,U1071,BIRTH_CERT,ussd,completed,153,2025-03-30
A4075,S2921,U1205,LAND,voice,failed,905,2025-03-03
A4076,S2161,U1128,BIRTH_CERT,ussd,completed,467,2025-03-26
A4077,S2849,U1073,LAND,voice,completed,845,2025-02-09
A4078,S2569,U1003,DL,web,failed,1512,2025-01-27
A4079,S2062,U1186,LAND,voice,failed,119,2025-03-28
A4080,S2756,U1465,DL,voice,abandoned,956,2025-01-18
A4081,S2057,U1477,DL,ussd,completed,382,2025-03-19
A4082,S3171,U1040,BIRTH_CERT,web,completed,939,2025-01-13
A4083,S2828,U1089,DL,ussd,completed,280,2025-02-10
A4084,S3011,U1426,ID_REPLACEMENT,voice,completed,475,2025-03-26
A4085,S3193,U1397,ID_REPLACEMENT,web,abandoned,1575,2025-02-21
A4086,S2560,U1412,BIRTH_CERT,voice,abandoned,375,2025-03-31
A4087,S3105,U1242,DL,voice,failed,558,2025-04-15
A4088,S3090,U1200,LAND,web,failed,113,2025-02-27
A4089,S2987,U1292,LAND,voice,failed,293,2025-02-03
A4090,S2464,U1113,LAND,voice,completed,390,2025-03-12
A4091,S2982,U1371,ID_REPLACEMENT,voice,abandoned,44,2025-01-02
A4092,S2802,U1149,BIRTH_CERT,voice,abandoned,320,2025-03-19
A4093,S2226,U1087,DL,voice,completed,1700,2025-02-15
A4094,S2728,U1226,DL,ussd,abandoned,310,2025-01-08
A4095,S2337,U1120,DL,web,completed,297,2025-04-23
A4096,S2588,U1291,DL,web,completed,818,2025-03-03
A4097,S3139,U1222,DL,voice,completed,705,2025-04-02
A4098,S2312,U1185,ID_REPLACEMENT,voice,completed,195,2025-03-15
A4099,S2060,U1142,LAND,web,completed,223,2025-04-08
A4100,S2942,U1188,BIRTH_CERT,voice,failed,202,2025-01-19
A4101,S2977,U1390,DL,web,completed,906,2025-04-03
A4102,S2030,U1226,ID_REPLACEMENT,web,failed,543,2025-01-16
A4103,S2274,U1090,LAND,ussd,abandoned,390,2025-02-02
A4104,S2839,U1107,ID_REPLACEMENT,ussd,completed,670,2025-03-11
A4105,S2327,U1169,DL,voice,abandoned,314,2025-04-23
A4106,S2720,U1225,BIRTH_CERT,ussd,failed,567,2025-02-14
A4107,S2389,U1024,DL,web,completed,909,2025-03-17
A4108,S2887,U1376,DL,web,completed,461,2025-04-01
A4109,S2718,U1063,BIRTH_CERT,voice,completed,574,2025-02-20
A4110,S2866,U1299,ID_REPLACEMENT,ussd,completed,62,2025-03-06
A4111,S2568,U1261,LAND,voice,abandoned,554,2025-01-19
A4112,S2704,U1003,LAND,voice,abandoned,720,2025-03-29
A4113,S2433,U1065,DL,voice,abandoned,766,2025-04-27
A4114,S2536,U1382,DL,voice,abandoned,524,2025-03-31
A4115,S2470,U1230,DL,ussd,failed,488,2025-03-12
A4116,S2054,U1013,LAND,voice,completed,413,2025-03-12
A4117,S2700,U1387,DL,voice,abandoned,218,2025-01-23
A4118,S2236,U1290,ID_REPLACEMENT,voice,completed,744,2025-04-12
A4119,S2869,U1332,LAND,voice,completed,493,2025-01-08
A4120,S2224,U1249,ID_REPLACEMENT,voice,completed,1196,2025-04-15
A4121,S2750,U1122,BIRTH_CERT,voice,completed,327,2025-01-06
A4122,S2682,U1220,ID_REPLACEMENT,voice,abandoned,468,2025-02-10
A4123,S2409,U1113,LAND,voice,failed,93,2025-02-24
A4124,S2242,U1161,DL,voice,completed,1805,2025-04-17
A4125,S3152,U1153,LAND,ussd,failed,1677,2025-01-01
A4126,S2463,U1234,ID_REPLACEMENT,web,completed,569,2025-01-01
A4127,S2686,U1486,BIRTH_CERT,web,completed,1063,2025-03-01
A4128,S2530,U1311,DL,ussd,completed,814,2025-03-30
A4129,S2061,U1345,ID_REPLACEMENT,web,failed,665,2025-01-13
A4130,S2410,U1451,BIRTH_CERT,voice,completed,1785,2025-04-17
A4131,S2593,U1379,LAND,web,completed,147,2025-01-25
A4132,S2331,U1247,LAND,web,abandoned,630,2025-04-11
A4133,S2442,U1077,ID_REPLACEMENT,voice,completed,437,2025-01-16
A4134,S3152,U1366,LAND,web,completed,327,2025-02-17
A4135,S2682,U1202,DL,web,abandoned,232,2025-01-15
A4136,S2768,U1386,BIRTH_CERT,ussd,abandoned,912,2025-02-04
A4137,S2751,U1377,LAND,voice,completed,493,2025-02-08
A4138,S2675,U1470,LAND,voice,completed,622,2025-03-16
A4139,S2155,U1135,ID_REPLACEMENT,web,failed,580,2025-02-18
A4140,S2520,U1427,DL,web,abandoned,190,2025-03-27
A4141,S3075,U1345,BIRTH_CERT,web,completed,932,2025-01-19
A4142,S2789,U1461,DL,voice,completed,481,2025-04-11
A4143,S2682,U1253,DL,voice,completed,357,2025-01-04
A4144,S2382,U1132,DL,ussd,completed,511,2025-02-19
A4145,S2267,U1185,DL,voice,completed,286,2025-02-25
A4146,S2422,U1469,BIRTH_CERT,web,completed,1080,2025-03-30
A4147,S2211,U1461,DL,voice,abandoned,1198,2025-04-14
A4148,S2308,U1011,ID_REPLACEMENT,voice,completed,185,2025-01-06
A4149,S2982,U1254,LAND,ussd,completed,1835,2025-04-19
A4150,S3077,U1194,DL,voice,completed,1489,2025-04-01
A4151,S3069,U1236,ID_REPLACEMENT,ussd,abandoned,133,2025-04-27
A4152,S2273,U1093,ID_REPLACEMENT,web,failed,362,2025-01-02
A4153,S2262,U1019,LAND,voice,failed,198,2025-02-16
A4154,S2016,U1386,LAND,voice,abandoned,337,2025-03-16
A4155,S2872,U1288,ID_REPLACEMENT,voice,abandoned,33,2025-04-12
A4156,S2120,U1460,LAND,ussd,completed,217,2025-03-15
A4157,S2715,U1493,LAND,voice,failed,213,2025-01-21
A4158,S2493,U1145,DL,voice,abandoned,116,2025-03-23
A4159,S2441,U1074,LAND,ussd,completed,635,2025-04-10
A4160,S2587,U1409,DL,ussd,completed,668,2025-01-06
A4161,S3056,U1006,LAND,voice,completed,173,2025-02-14
A4162,S3197,U1089,LAND,ussd,completed,184,2025-03-21
A4163,S2337,U1258,LAND,ussd,abandoned,673,2025-03-24
A4164,S2551,U1384,ID_REPLACEMENT,web,completed,800,2025-03-02
A4165,S2090,U1244,DL,ussd,completed,481,2025-04-05
A4166,S2684,U1016,ID_REPLACEMENT,ussd,failed,280,2025-04-23
A4167,S3149,U1395,DL,voice,abandoned,1263,2025-03-22
A4168,S2622,U1368,LAND,voice,failed,468,2025-01-12
A4169,S2503,U1101,DL,web,abandoned,334,2025-03-25
A4170,S2274,U1200,BIRTH_CERT,voice,completed,99,2025-01-24
A4171,S2340,U1080,LAND,web,completed,742,2025-01-09
A4172,S2045,U1382,ID_REPLACEMENT,web,completed,863,2025-02-25
A4173,S2804,U1102,LAND,voice,completed,896,2025-02-15
A4174,S2102,U1465,BIRTH_CERT,web,completed,627,2025-03-27
A4175,S2320,U1249,LAND,voice,failed,305,2025-01-30
A4176,S2518,U1119,DL,voice,failed,1392,2025-02-19
A4177,S2702,U1022,BIRTH_CERT,web,completed,477,2025-03-02
A4178,S2738,U1474,BIRTH_CERT,web,failed,83,2025-01-07
A4179,S2927,U1257,LAND,web,completed,561,2025-01-15
A4180,S2199,U1410,DL,voice,abandoned,286,2025-03-06
A4181,S2334,U1104,BIRTH_CERT,voice,failed,118,2025-01-15
A4182,S2808,U1125,ID_REPLACEMENT,voice,completed,445,2025-01-18
A4183,S2101,U1310,ID_REPLACEMENT,voice,completed,673,2025-01-21
A4184,S2390,U1113,DL,voice,abandoned,141,2025-02-16
A4185,S2743,U1014,DL,web,completed,185,2025-03-06
A4186,S2045,U1241,DL,web,completed,1291,2025-03-16
A4187,S3135,U1299,LAND,voice,failed,1376,2025-04-19
A4188,S3184,U1228,BIRTH_CERT,voice,completed,215,2025-01-16
A4189,S2580,U1196,ID_REPLACEMENT,voice,completed,620,2025-02-03
A4190,S2833,U1350,BIRTH_CERT,ussd,completed,390,2025-03-21
A4191,S2696,U1360,DL,web,completed,316,2025-03-16
A4192,S2243,U1304,LAND,ussd,completed,287,2025-01-09
A4193,S2417,U1318,ID_REPLACEMENT,voice,completed,1355,2025-04-18
A4194,S2845,U1228,DL,web,completed,381,2025-01-04
A4195,S2852,U1290,LAND,web,abandoned,73,2025-03-07
A4196,S2701,U1018,LAND,voice,abandoned,310,2025-03-01
A4197,S2886,U1180,BIRTH_CERT,web,failed,231,2025-01-22
A4198,S2695,U1219,DL,voice,abandoned,233,2025-01-06
A4199,S2038,U1001,BIRTH_CERT,web,abandoned,797,2025-01-29
A4200,S2717,U1483,ID_REPLACEMENT,web,completed,535,2025-01-12
A4201,S2324,U1179,BIRTH_CERT,voice,abandoned,240,2025-03-10
A4202,S2216,U1403,LAND,web,abandoned,431,2025-04-30
A4203,S2623,U1369,ID_REPLACEMENT,web,completed,319,2025-01-18
A4204,S2147,U1498,LAND,voice,abandoned,78,2025-04-07
A4205,S2905,U1186,ID_REPLACEMENT,ussd,completed,197,2025-04-30
A4206,S2615,U1386,ID_REPLACEMENT,voice,abandoned,1268,2025-03-07
A4207,S2873,U1263,BIRTH_CERT,voice,failed,80,2025-01-23
A4208,S2416,U1039,BIRTH_CERT,voice,abandoned,304,2025-04-18
A4209,S3101,U1029,BIRTH_CERT,ussd,completed,576,2025-02-11
A4210,S2370,U1011,ID_REPLACEMENT,web,abandoned,759,2025-02-02
A4211,S2752,U1176,BIRTH_CERT,web,abandoned,287,2025-03-05
A4212,S2981,U1115,DL,web,completed,240,2025-04-30
A4213,S2317,U1102,ID_REPLACEMENT,voice,abandoned,531,2025-01-05
A4214,S2600,U1272,DL,voice,completed,56,2025-01-31
A4215,S2466,U1321,BIRTH_CERT,web,completed,434,2025-03-02
A4216,S2681,U1484,BIRTH_CERT,voice,abandoned,1485,2025-04-16
A4217,S2202,U1123,BIRTH_CERT,web,completed,551,2025-04-22
A4218,S2400,U1022,DL,web,completed,65,2025-01-14
A4219,S3113,U1166,BIRTH_CERT,voice,completed,307,2025-02-21
A4220,S2332,U1126,DL,web,completed,368,2025-01-05
A4221,S3039,U1282,BIRTH_CERT,voice,failed,353,2025-01-22
A4222,S2330,U1184,LAND,voice,failed,40,2025-01-22
A4223,S2853,U1018,BIRTH_CERT,voice,failed,295,2025-01-28
A4224,S2867,U1171,ID_REPLACEMENT,web,failed,513,2025-04-25
A4225,S2479,U1121,ID_REPLACEMENT,web,completed,1753,2025-03-02
A4226,S2079,U1321,BIRTH_CERT,voice,abandoned,1204,2025-01-09
A4227,S2356,U1287,LAND,voice,completed,814,2025-04-02
A4228,S2994,U1288,DL,web,completed,100,2025-03-08
A4229,S2769,U1170,DL,web,abandoned,288,2025-04-28
A4230,S2977,U1252,LAND,ussd,abandoned,774,2025-04-18
A4231,S2815,U1231,LAND,web,completed,193,2025-02-08
A4232,S2536,U1278,LAND,web,abandoned,669,2025-04-15
A4233,S2745,U1013,LAND,web,failed,379,2025-03-31
A4234,S2167,U1207,BIRTH_CERT,voice,completed,525,2025-03-19
A4235,S2156,U1440,ID_REPLACEMENT,ussd,completed,1666,2025-03-06
A4236,S2120,U1353,BIRTH_CERT,web,completed,377,2025-01-10
A4237,S2804,U1184,ID_REPLACEMENT,web,completed,57,2025-01-31
A4238,S2238,U1185,ID_REPLACEMENT,web,completed,818,2025-02-17
A4239,S2846,U1445,LAND,ussd,abandoned,329,2025-04-13
A4240,S2217,U1295,LAND,web,failed,267,2025-02-18
A4241,S2577,U1299,LAND,ussd,completed,1566,2025-03-22
A4242,S2884,U1302,LAND,web,completed,562,2025-02-06
A4243,S2509,U1339,ID_REPLACEMENT,ussd,failed,729,2025-03-09
A4244,S2766,U1363,LAND,web,failed,690,2025-04-15
A4245,S2215,U1045,DL,voice,completed,870,2025-01-04
A4246,S2477,U1105,ID_REPLACEMENT,web,completed,460,2025-03-20
A4247,S2751,U1227,DL,ussd,completed,620,2025-02-05
A4248,S2074,U1115,BIRTH_CERT,voice,completed,138,2025-03-25
A4249,S2064,U1052,BIRTH_CERT,voice,completed,182,2025-04-26
A4250,S2311,U1028,ID_REPLACEMENT,voice,completed,160,2025-04-15
A4251,S2483,U1250,DL,web,completed,74,2025-02-03
A4252,S2563,U1432,DL,voice,completed,650,2025-03-17
A4253,S2060,U1052,LAND,web,failed,195,2025-01-08
A4254,S2802,U1136,DL,voice,completed,1437,2025-02-05
A4255,S3046,U1328,DL,web,abandoned,358,2025-01-30
A4256,S2588,U1280,ID_REPLACEMENT,voice,completed,310,2025-02-06
A4257,S2033,U1046,ID_REPLACEMENT,ussd,completed,134,2025-01-25
A4258,S2618,U1370,ID_REPLACEMENT,web,completed,713,2025-03-19
A4259,S2244,U1080,DL,ussd,completed,729,2025-04-07
A4260,S2447,U1433,ID_REPLACEMENT,voice,completed,1326,2025-02-02
A4261,S3034,U1326,DL,ussd,completed,848,2025-03-23
A4262,S2860,U1271,ID_REPLACEMENT,voice,abandoned,654,2025-01-28
A4263,S2576,U1292,BIRTH_CERT,ussd,completed,246,2025-01-06
A4264,S2149,U1377,BIRTH_CERT,ussd,completed,1211,2025-02-28
A4265,S3020,U1273,LAND,voice,failed,525,2025-04-08
A4266,S3064,U1422,BIRTH_CERT,web,abandoned,117,2025-04-05
A4267,S2774,U1461,ID_REPLACEMENT,voice,abandoned,144,2025-03-29
A4268,S2895,U1183,BIRTH_CERT,voice,completed,642,2025-01-24
A4269,S2665,U1081,LAND,voice,completed,469,2025-01-16
A4270,S2337,U1135,ID_REPLACEMENT,ussd,completed,278,2025-02-21
A4271,S3120,U1112,LAND,voice,completed,157,2025-03-02
A4272,S2562,U1056,BIRTH_CERT,web,completed,772,2025-02-20
A4273,S3047,U1344,BIRTH_CERT,web,completed,760,2025-01-05
A4274,S2012,U1019,BIRTH_CERT,ussd,completed,491,2025-03-11
A4275,S3041,U1312,LAND,voice,failed,468,2025-02-10
A4276,S3162,U1372,BIRTH_CERT,voice,completed,400,2025-04-21
A4277,S2697,U1384,DL,voice,abandoned,839,2025-04-20
A4278,S2020,U1109,ID_REPLACEMENT,ussd,completed,800,2025-03-15
A4279,S2808,U1124,DL,voice,completed,427,2025-03-28
A4280,S2315,U1471,BIRTH_CERT,voice,completed,718,2025-02-28
A4281,S2557,U1493,LAND,web,failed,330,2025-04-09
A4282,S2400,U1396,DL,voice,completed,249,2025-03-14
A4283,S2931,U1074,ID_REPLACEMENT,ussd,failed,1430,2025-03-01
A4284,S2371,U1051,LAND,web,completed,885,2025-04-12
A4285,S3109,U1357,LAND,voice,abandoned,666,2025-04-17
A4286,S2492,U1096,ID_REPLACEMENT,ussd,abandoned,197,2025-04-24
A4287,S2516,U1029,BIRTH_CERT,ussd,failed,406,2025-04-08
A4288,S2894,U1249,BIRTH_CERT,web,abandoned,1275,2025-01-05
A4289,S2044,U1336,BIRTH_CERT,ussd,completed,172,2025-03-23
A4290,S2714,U1440,ID_REPLACEMENT,ussd,completed,382,2025-03-06
A4291,S2818,U1493,BIRTH_CERT,web,failed,1089,2025-02-09
A4292,S2618,U1388,DL,web,completed,53,2025-04-12
A4293,S2363,U1102,LAND,voice,completed,829,2025-03-23
A4294,S2284,U1277,DL,web,completed,629,2025-02-11
A4295,S2202,U1050,ID_REPLACEMENT,web,abandoned,450,2025-02-10
A4296,S2372,U1381,ID_REPLACEMENT,voice,completed,451,2025-03-04
A4297,S2485,U1206,DL,web,completed,398,2025-01-28
A4298,S2426,U1073,ID_REPLACEMENT,voice,completed,746,2025-02-12
A4299,S2728,U1357,LAND,ussd,completed,647,2025-01-25
A4300,S2880,U1128,LAND,voice,abandoned,347,2025-03-17
A4301,S2561,U1045,BIRTH_CERT,voice,completed,690,2025-03-21
A4302,S2183,U1078,BIRTH_CERT,web,abandoned,199,2025-02-25
A4303,S3085,U1297,LAND,voice,completed,463,2025-01-07
A4304,S3123,U1041,ID_REPLACEMENT,voice,completed,512,2025-02-18
A4305,S2195,U1348,BIRTH_CERT,web,completed,1152,2025-03-30
A4306,S2936,U1319,ID_REPLACEMENT,web,abandoned,34,2025-03-02
A4307,S3035,U1404,BIRTH_CERT,voice,completed,420,2025-04-25
A4308,S2365,U1078,DL,voice,completed,697,2025-03-18
A4309,S2332,U1482,DL,voice,completed,191,2025-01-19
A4310,S2345,U1452,BIRTH_CERT,web,completed,660,2025-02-12
A4311,S3061,U1018,LAND,web,failed,220,2025-04-24
A4312,S2534,U1141,LAND,voice,completed,762,2025-02-23
A4313,S2117,U1014,ID_REPLACEMENT,web,completed,446,2025-01-25
A4314,S2834,U1178,BIRTH_CERT,web,abandoned,1052,2025-01-24
A4315,S2137,U1210,ID_REPLACEMENT,voice,failed,698,2025-04-09
A4316,S2329,U1218,BIRTH_CERT,web,failed,1231,2025-04-10
A4317,S3182,U1015,LAND,ussd,completed,695,2025-02-14
A4318,S3195,U1210,DL,web,completed,681,2025-04-14
A4319,S2420,U1308,DL,voice,failed,488,2025-04-25
A4320,S2476,U1310,DL,ussd,completed,1057,2025-03-05
A4321,S2020,U1254,BIRTH_CERT,voice,completed,405,2025-03-09
A4322,S2142,U1022,BIRTH_CERT,voice,abandoned,679,2025-03-03
A4323,S2233,U1163,ID_REPLACEMENT,voice,abandoned,215,2025-04-15
A4324,S2906,U1145,BIRTH_CERT,voice,abandoned,447,2025-01-09
A4325,S2481,U1300,DL,voice,completed,1281,2025-03-19
A4326,S3008,U1343,BIRTH_CERT,ussd,completed,699,2025-03-30
A4327,S2609,U1454,BIRTH_CERT,web,completed,296,2025-01-14
A4328,S2616,U1088,LAND,voice,completed,620,2025-04-17
A4329,S3177,U1239,ID_REPLACEMENT,ussd,completed,380,2025-04-21
A4330,S2307,U1235,DL,voice,abandoned,99,2025-03-15
A4331,S3073,U1172,LAND,voice,completed,641,2025-03-28
A4332,S2791,U1006,LAND,ussd,abandoned,1298,2025-03-16
A4333,S2367,U1196,DL,web,completed,404,2025-03-23
A4334,S2337,U1360,DL,web,abandoned,652,2025-01-21
A4335,S3049,U1215,DL,web,completed,2032,2025-04-04
A4336,S2808,U1083,LAND,web,failed,1792,2025-03-31
A4337,S2562,U1212,BIRTH_CERT,web,completed,124,2025-03-28
A4338,S2655,U1403,DL,voice,completed,137,2025-02-05
A4339,S2051,U1201,DL,web,failed,935,2025-01-16
A4340,S2376,U1376,LAND,web,failed,1087,2025-01-30
A4341,S2868,U1470,BIRTH_CERT,voice,completed,860,2025-03-14
A4342,S2818,U1244,DL,web,completed,753,2025-03-16
A4343,S2826,U1301,DL,voice,completed,1121,2025-01-24
A4344,S2761,U1032,DL,web,completed,485,2025-03-13
A4345,S2462,U1373,BIRTH_CERT,voice,completed,923,2025-03-30
A4346,S2757,U1270,ID_REPLACEMENT,voice,failed,683,2025-01-09
A4347,S2295,U1033,BIRTH_CERT,voice,completed,756,2025-01-02
A4348,S2143,U1078,DL,ussd,abandoned,934,2025-04-27
A4349,S2971,U1388,BIRTH_CERT,voice,completed,1742,2025-04-07
A4350,S2162,U1264,ID_REPLACEMENT,ussd,abandoned,734,2025-04-11
A4351,S2328,U1346,LAND,web,abandoned,366,2025-04-14
A4352,S2463,U1319,ID_REPLACEMENT,ussd,completed,1071,2025-03-12
A4353,S3013,U1121,LAND,web,completed,660,2025-03-13
A4354,S2386,U1443,BIRTH_CERT,voice,completed,334,2025-04-21
A4355,S2644,U1283,LAND,voice,abandoned,424,2025-03-13
A4356,S2694,U1264,LAND,voice,completed,145,2025-02-22
A4357,S2076,U1248,LAND,voice,abandoned,294,2025-03-27
A4358,S2431,U1305,DL,ussd,abandoned,166,2025-02-12
A4359,S2234,U1163,ID_REPLACEMENT,voice,abandoned,415,2025-03-07
A4360,S2988,U1264,BIRTH_CERT,web,completed,148,2025-03-09
A4361,S2948,U1250,LAND,ussd,completed,730,2025-03-24
A4362,S2410,U1030,DL,web,failed,656,2025-04-16
A4363,S2328,U1234,DL,voice,abandoned,457,2025-01-05
A4364,S2675,U1300,BIRTH_CERT,web,completed,1068,2025-04-27
A4365,S2035,U1438,DL,ussd,abandoned,434,2025-03-02
A4366,S2741,U1461,BIRTH_CERT,web,abandoned,1374,2025-03-01
A4367,S2747,U1270,ID_REPLACEMENT,voice,failed,577,2025-04-18
A4368,S2038,U1244,DL,voice,completed,63,2025-04-15
A4369,S2163,U1497,ID_REPLACEMENT,web,abandoned,396,2025-02-28
A4370,S3137,U1424,DL,ussd,completed,1936,2025-03-01
A4371,S2148,U1065,ID_REPLACEMENT,web,completed,954,2025-03-20
A4372,S2782,U1062,ID_REPLACEMENT,voice,completed,124,2025-03-12
A4373,S2087,U1118,BIRTH_CERT,voice,completed,1229,2025-04-23
A4374,S2942,U1109,LAND,web,completed,419,2025-03-17
A4375,S2680,U1106,LAND,web,completed,462,2025-02-08
A4376,S3159,U1376,ID_REPLACEMENT,web,completed,239,2025-04-23
A4377,S2305,U1479,DL,voice,completed,790,2025-04-20
A4378,S2238,U1115,ID_REPLACEMENT,voice,completed,1065,2025-03-17
A4379,S2339,U1026,LAND,voice,completed,754,2025-01-25
A4380,S2874,U1191,DL,voice,failed,1253,2025-01-07
A4381,S2351,U1187,BIRTH_CERT,voice,completed,710,2025-04-14
A4382,S2019,U1311,DL,web,completed,137,2025-03-14
A4383,S2610,U1326,BIRTH_CERT,ussd,completed,558,2025-04-24
A4384,S2224,U1397,LAND,voice,completed,580,2025-01-04
A4385,S2442,U1187,DL,voice,completed,207,2025-01-14
A4386,S2180,U1220,DL,ussd,completed,388,2025-04-17
A4387,S2143,U1423,DL,web,completed,132,2025-04-18
A4388,S2869,U1275,LAND,voice,abandoned,507,2025-01-30
A4389,S2101,U1358,ID_REPLACEMENT,voice,completed,755,2025-01-07
A4390,S2940,U1306,BIRTH_CERT,voice,failed,619,2025-02-28
A4391,S2143,U1388,DL,ussd,completed,445,2025-03-14
A4392,S2350,U1465,LAND,voice,failed,417,2025-03-12
A4393,S2748,U1071,LAND,voice,failed,542,2025-02-16
A4394,S3176,U1177,ID_REPLACEMENT,voice,abandoned,149,2025-04-08
A4395,S2618,U1198,ID_REPLACEMENT,ussd,completed,630,2025-03-15
A4396,S2889,U1087,LAND,voice,completed,1341,2025-01-02
A4397,S2775,U1443,BIRTH_CERT,web,abandoned,257,2025-01-11
A4398,S2456,U1341,BIRTH_CERT,ussd,completed,373,2025-01-09
A4399,S2780,U1403,DL,web,completed,882,2025-01-06
A4400,S2270,U1410,LAND,voice,completed,380,2025-01-22
A4401,S2308,U1147,LAND,ussd,completed,295,2025-01-14
A4402,S3011,U1389,ID_REPLACEMENT,web,completed,340,2025-01-16
A4403,S2260,U1127,BIRTH_CERT,ussd,completed,1152,2025-03-24
A4404,S2509,U1135,ID_REPLACEMENT,ussd,failed,174,2025-01-06
A4405,S2524,U1255,LAND,web,failed,53,2025-03-18
A4406,S2322,U1120,ID_REPLACEMENT,ussd,completed,341,2025-04-16
A4407,S2018,U1206,LAND,ussd,failed,175,2025-04-06
A4408,S3119,U1021,LAND,ussd,completed,412,2025-01-03
A4409,S2820,U1034,DL,web,abandoned,393,2025-04-03
A4410,S2577,U1297,ID_REPLACEMENT,web,completed,263,2025-02-21
A4411,S2120,U1204,ID_REPLACEMENT,web,completed,489,2025-02-22
A4412,S2357,U1219,LAND,voice,completed,765,2025-04-07
A4413,S2048,U1275,ID_REPLACEMENT,web,abandoned,1354,2025-02-04
A4414,S2057,U1092,BIRTH_CERT,web,completed,194,2025-04-25
A4415,S2104,U1324,LAND,web,abandoned,1001,2025-02-03
A4416,S2805,U1386,LAND,voice,completed,635,2025-04-27
A4417,S2923,U1127,BIRTH_CERT,voice,failed,267,2025-01-15
A4418,S2160,U1026,DL,voice,completed,238,2025-03-02
A4419,S2897,U1324,ID_REPLACEMENT,voice,failed,292,2025-04-02
A4420,S3183,U1375,DL,voice,abandoned,923,2025-04-19
A4421,S2523,U1443,BIRTH_CERT,web,completed,56,2025-01-13
A4422,S2562,U1275,DL,web,abandoned,352,2025-03-05
A4423,S2645,U1022,LAND,web,completed,234,2025-04-29
A4424,S3038,U1223,DL,voice,failed,811,2025-02-16
A4425,S2300,U1011,ID_REPLACEMENT,web,completed,260,2025-01-12
A4426,S2812,U1240,LAND,voice,completed,304,2025-04-08
A4427,S2270,U1438,ID_REPLACEMENT,ussd,completed,1930,2025-02-02
A4428,S2777,U1304,LAND,voice,completed,202,2025-04-08
A4429,S2846,U1351,ID_REPLACEMENT,voice,abandoned,525,2025-02-28
A4430,S3126,U1497,BIRTH_CERT,ussd,completed,809,2025-03-26
A4431,S2878,U1207,LAND,voice,completed,301,2025-02-13
A4432,S2484,U1154,LAND,web,completed,177,2025-02-15
A4433,S2290,U1064,ID_REPLACEMENT,voice,completed,70,2025-04-21
A4434,S2771,U1306,LAND,ussd,completed,185,2025-02-28
A4435,S3194,U1459,BIRTH_CERT,ussd,abandoned,1263,2025-01-06
A4436,S3182,U1332,BIRTH_CERT,ussd,failed,473,2025-04-04
A4437,S2414,U1455,BIRTH_CERT,voice,completed,471,2025-04-16
A4438,S2367,U1427,ID_REPLACEMENT,voice,completed,405,2025-02-09
A4439,S2328,U1230,ID_REPLACEMENT,voice,completed,1246,2025-03-19
A4440,S3018,U1412,LAND,voice,abandoned,294,2025-04-01
A4441,S2460,U1294,DL,ussd,completed,752,2025-02-26
A4442,S2932,U1015,BIRTH_CERT,ussd,completed,619,2025-01-05
A4443,S3000,U1004,BIRTH_CERT,voice,completed,986,2025-01-20
A4444,S2663,U1121,ID_REPLACEMENT,voice,failed,103,2025-03-23
A4445,S3112,U1170,BIRTH_CERT,web,failed,1748,2025-03-18
A4446,S2314,U1492,BIRTH_CERT,voice,completed,269,2025-02-12
A4447,S2471,U1056,ID_REPLACEMENT,voice,failed,138,2025-03-03
A4448,S3096,U1096,LAND,web,failed,959,2025-01-14
A4449,S2156,U1275,DL,voice,completed,471,2025-04-06
A4450,S2329,U1229,ID_REPLACEMENT,web,failed,1326,2025-03-08
A4451,S2085,U1419,ID_REPLACEMENT,web,completed,464,2025-02-02
A4452,S2907,U1351,LAND,voice,abandoned,197,2025-03-14
A4453,S2629,U1175,ID_REPLACEMENT,web,completed,393,2025-02-01
A4454,S2955,U1177,LAND,voice,completed,524,2025-02-19
A4455,S2962,U1001,BIRTH_CERT,web,failed,1256,2025-01-08
A4456,S2414,U1139,DL,voice,abandoned,745,2025-01-20
A4457,S2049,U1369,LAND,web,completed,382,2025-01-24
A4458,S3183,U1422,ID_REPLACEMENT,web,completed,234,2025-04-15
A4459,S2498,U1052,LAND,ussd,completed,719,2025-04-25
A4460,S2159,U1446,DL,voice,failed,1057,2025-04-27
A4461,S3055,U1011,LAND,voice,completed,682,2025-02-09
A4462,S2287,U1161,ID_REPLACEMENT,web,abandoned,372,2025-04-30
A4463,S2104,U1104,DL,web,completed,529,2025-04-10
A4464,S2011,U1161,BIRTH_CERT,ussd,completed,668,2025-01-18
A4465,S2649,U1267,BIRTH_CERT,voice,failed,623,2025-04-12
A4466,S3160,U1016,DL,voice,abandoned,818,2025-04-28
A4467,S2395,U1261,DL,voice,completed,580,2025-03-28
A4468,S2724,U1029,DL,voice,completed,499,2025-03-10
A4469,S2817,U1085,LAND,voice,abandoned,216,2025-01-17
A4470,S3190,U1420,LAND,ussd,abandoned,296,2025-02-02
A4471,S2452,U1342,ID_REPLACEMENT,voice,abandoned,1876,2025-04-22
A4472,S2388,U1207,DL,voice,completed,532,2025-01-17
A4473,S2326,U1234,ID_REPLACEMENT,voice,abandoned,575,2025-04-26
A4474,S2872,U1281,DL,ussd,completed,1246,2025-01-23
A4475,S2362,U1431,LAND,voice,completed,1368,2025-03-19
A4476,S2974,U1110,ID_REPLACEMENT,voice,completed,605,2025-03-13
A4477,S2286,U1295,BIRTH_CERT,voice,abandoned,445,2025-04-07
A4478,S2273,U1158,BIRTH_CERT,voice,abandoned,1287,2025-04-27
A4479,S2007,U1301,DL,web,abandoned,261,2025-01-05
A4480,S2518,U1449,DL,voice,completed,822,2025-01-07
A4481,S2162,U1066,BIRTH_CERT,voice,completed,141,2025-03-06
A4482,S2497,U1343,LAND,web,completed,798,2025-01-08
A4483,S2035,U1090,DL,web,completed,418,2025-03-09
A4484,S3100,U1123,ID_REPLACEMENT,web,abandoned,503,2025-02-15
A4485,S3192,U1420,DL,web,completed,809,2025-02-12
A4486,S2113,U1245,BIRTH_CERT,web,failed,600,2025-03-29
A4487,S2854,U1355,LAND,voice,completed,67,2025-03-29
A4488,S2252,U1400,ID_REPLACEMENT,voice,completed,294,2025-01-13
A4489,S2150,U1491,ID_REPLACEMENT,ussd,completed,794,2025-02-19
A4490,S2173,U1487,LAND,ussd,completed,676,2025-04-10
A4491,S2767,U1234,LAND,web,abandoned,651,2025-02-20
A4492,S2507,U1124,LAND,web,failed,787,2025-03-23
A4493,S3136,U1477,LAND,voice,completed,801,2025-02-14
A4494,S2899,U1067,LAND,voice,abandoned,1259,2025-01-28
A4495,S2041,U1104,LAND,web,completed,1151,2025-02-05
A4496,S2107,U1058,LAND,ussd,completed,1112,2025-01-14
A4497,S2505,U1209,ID_REPLACEMENT,ussd,abandoned,456,2025-01-29
A4498,S3057,U1295,DL,voice,completed,222,2025-01-04
A4499,S2931,U1154,DL,web,completed,61,2025-04-03
A4500,S2223,U1478,LAND,web,abandoned,302,2025-03-20
A4501,S2004,U1229,LAND,web,completed,946,2025-04-18
A4502,S2824,U1487,ID_REPLACEMENT,ussd,completed,76,2025-04-27
A4503,S3038,U1139,ID_REPLACEMENT,voice,abandoned,128,2025-01-20
A4504,S2629,U1158,DL,web,completed,834,2025-02-08
A4505,S2108,U1155,LAND,voice,abandoned,113,2025-02-02
A4506,S2556,U1111,BIRTH_CERT,web,completed,676,2025-01-17
A4507,S2565,U1099,ID_REPLACEMENT,web,failed,1312,2025-02-15
A4508,S2951,U1281,LAND,voice,completed,1800,2025-01-27
A4509,S2423,U1240,ID_REPLACEMENT,web,completed,56,2025-02-04
A4510,S2227,U1012,LAND,ussd,abandoned,1556,2025-04-12
A4511,S2384,U1465,BIRTH_CERT,voice,abandoned,301,2025-01-06
A4512,S3039,U1490,LAND,voice,abandoned,291,2025-03-26
A4513,S2261,U1400,BIRTH_CERT,web,failed,93,2025-02-07
A4514,S2839,U1296,BIRTH_CERT,web,completed,616,2025-03-27
A4515,S2359,U1287,ID_REPLACEMENT,ussd,failed,334,2025-04-20
A4516,S2075,U1484,BIRTH_CERT,voice,completed,243,2025-02-26
A4517,S2484,U1277,BIRTH_CERT,voice,abandoned,776,2025-04-19
A4518,S2431,U1119,ID_REPLACEMENT,web,failed,1458,2025-03-06
A4519,S2513,U1109,BIRTH_CERT,voice,failed,467,2025-02-01
A4520,S2743,U1376,BIRTH_CERT,ussd,completed,354,2025-01-08
A4521,S2444,U1354,LAND,ussd,failed,332,2025-04-12
A4522,S2138,U1079,ID_REPLACEMENT,ussd,completed,490,2025-03-02
A4523,S2393,U1305,BIRTH_CERT,voice,failed,1600,2025-01-22
A4524,S3121,U1002,BIRTH_CERT,web,completed,394,2025-01-13
A4525,S2745,U1237,LAND,ussd,completed,331,2025-02-27
A4526,S2634,U1405,LAND,ussd,completed,989,2025-03-11
A4527,S3151,U1442,DL,web,abandoned,791,2025-02-24
A4528,S2586,U1094,LAND,voice,completed,2336,2025-02-28
A4529,S2866,U1271,LAND,voice,abandoned,198,2025-02-08
A4530,S2957,U1368,BIRTH_CERT,ussd,abandoned,447,2025-04-03
A4531,S2007,U1321,BIRTH_CERT,web,failed,716,2025-01-21
A4532,S2649,U1295,LAND,voice,completed,528,2025-04-29
A4533,S2095,U1439,LAND,ussd,completed,172,2025-02-12
A4534,S2350,U1085,BIRTH_CERT,web,abandoned,2726,2025-03-23
A4535,S2541,U1183,ID_REPLACEMENT,voice,completed,637,2025-03-08
A4536,S3098,U1077,DL,voice,failed,691,2025-03-31
A4537,S2686,U1013,DL,web,completed,1039,2025-02-19
A4538,S3057,U1317,ID_REPLACEMENT,voice,completed,579,2025-02-26
A4539,S2578,U1110,ID_REPLACEMENT,ussd,completed,967,2025-04-23
A4540,S2246,U1068,ID_REPLACEMENT,web,completed,299,2025-01-05
A4541,S2233,U1154,ID_REPLACEMENT,voice,completed,251,2025-03-18
A4542,S2916,U1302,LAND,web,failed,863,2025-02-22
A4543,S2074,U1463,BIRTH_CERT,voice,failed,781,2025-04-07
A4544,S2714,U1323,ID_REPLACEMENT,ussd,failed,433,2025-01-01
A4545,S2983,U1086,LAND,web,completed,605,2025-01-06
A4546,S2295,U1493,ID_REPLACEMENT,ussd,completed,919,2025-04-01
A4547,S3100,U1073,DL,web,completed,508,2025-03-18
A4548,S2247,U1222,DL,voice,completed,352,2025-03-08
A4549,S2073,U1144,LAND,ussd,abandoned,339,2025-04-30
A4550,S2357,U1106,ID_REPLACEMENT,ussd,completed,859,2025-01-17
A4551,S3139,U1230,LAND,ussd,completed,102,2025-03-19
A4552,S2097,U1026,DL,web,completed,546,2025-03-24
A4553,S2067,U1103,ID_REPLACEMENT,web,abandoned,189,2025-03-14
A4554,S2088,U1306,ID_REPLACEMENT,web,abandoned,155,2025-03-19
A4555,S2752,U1442,ID_REPLACEMENT,voice,completed,727,2025-02-09
A4556,S2405,U1058,DL,voice,completed,254,2025-01-01
A4557,S2022,U1078,ID_REPLACEMENT,web,abandoned,1166,2025-03-22
A4558,S2969,U1151,LAND,web,completed,1992,2025-03-12
A4559,S2962,U1437,DL,ussd,completed,253,2025-04-26
A4560,S2522,U1098,DL,voice,failed,146,2025-04-23
A4561,S2827,U1140,LAND,ussd,failed,480,2025-01-13
A4562,S3057,U1397,LAND,voice,failed,770,2025-04-05
A4563,S2153,U1069,LAND,voice,completed,235,2025-03-24
A4564,S2754,U1453,BIRTH_CERT,web,completed,38,2025-02-14
A4565,S2938,U1051,LAND,voice,completed,1623,2025-02-26
A4566,S2914,U1095,LAND,web,failed,282,2025-01-15
A4567,S2923,U1212,BIRTH_CERT,voice,completed,2048,2025-01-29
A4568,S2357,U1276,BIRTH_CERT,voice,completed,2038,2025-02-17
A4569,S2947,U1157,DL,voice,completed,617,2025-03-02
A4570,S2750,U1053,ID_REPLACEMENT,voice,completed,310,2025-04-19
A4571,S2336,U1213,DL,ussd,abandoned,237,2025-03-28
A4572,S2049,U1402,BIRTH_CERT,ussd,failed,467,2025-01-23
A4573,S2080,U1378,DL,voice,completed,538,2025-03-09
A4574,S2565,U1186,LAND,voice,completed,286,2025-03-21
A4575,S2327,U1302,LAND,voice,completed,1004,2025-04-20
A4576,S2086,U1193,LAND,ussd,completed,233,2025-02-19
A4577,S2765,U1480,BIRTH_CERT,voice,completed,764,2025-02-21
A4578,S2489,U1256,LAND,voice,abandoned,247,2025-02-26
A4579,S3106,U1087,BIRTH_CERT,web,completed,315,2025-02-09
A4580,S2417,U1179,DL,voice,abandoned,1330,2025-01-22
A4581,S2381,U1492,BIRTH_CERT,ussd,completed,687,2025-02-01
A4582,S2003,U1276,BIRTH_CERT,web,abandoned,1089,2025-02-06
A4583,S2768,U1187,DL,ussd,completed,65,2025-03-07
A4584,S3131,U1359,DL,voice,abandoned,622,2025-03-02
A4585,S2603,U1123,DL,voice,abandoned,1016,2025-02-10
A4586,S2423,U1175,BIRTH_CERT,ussd,abandoned,203,2025-01-27
A4587,S2713,U1073,ID_REPLACEMENT,web,completed,606,2025-02-12
A4588,S2603,U1139,DL,ussd,failed,511,2025-01-18
A4589,S2572,U1470,LAND,ussd,abandoned,214,2025-01-29
A4590,S2419,U1115,BIRTH_CERT,web,failed,751,2025-01-29
A4591,S2682,U1459,LAND,voice,completed,156,2025-03-13
A4592,S2301,U1463,BIRTH_CERT,voice,abandoned,380,2025-01-15
A4593,S2539,U1438,BIRTH_CERT,web,completed,624,2025-03-26
A4594,S2320,U1258,LAND,web,abandoned,865,2025-03-08
A4595,S3075,U1373,BIRTH_CERT,voice,completed,177,2025-03-27
A4596,S2590,U1065,DL,voice,completed,364,2025-03-17
A4597,S2011,U1133,BIRTH_CERT,voice,completed,1712,2025-01-03
A4598,S2351,U1253,BIRTH_CERT,voice,completed,203,2025-02-06
A4599,S2024,U1405,LAND,web,completed,357,2025-01-19
A4600,S2675,U1494,BIRTH_CERT,voice,completed,441,2025-02-08
A4601,S2660,U1322,ID_REPLACEMENT,voice,completed,205,2025-02-12
A4602,S2254,U1249,LAND,web,completed,165,2025-01-20
A4603,S2237,U1072,BIRTH_CERT,voice,abandoned,252,2025-02-09
A4604,S2521,U1276,BIRTH_CERT,web,failed,550,2025-03-29
A4605,S2973,U1420,LAND,voice,completed,203,2025-03-16
A4606,S2446,U1160,ID_REPLACEMENT,ussd,completed,821,2025-03-22
A4607,S3041,U1115,BIRTH_CERT,voice,failed,1593,2025-01-19
A4608,S2753,U1256,LAND,web,completed,350,2025-04-23
A4609,S2503,U1121,ID_REPLACEMENT,voice,failed,764,2025-04-12
A4610,S2182,U1320,DL,ussd,completed,103,2025-01-24
A4611,S2458,U1364,ID_REPLACEMENT,web,completed,359,2025-03-01
A4612,S2644,U1326,ID_REPLACEMENT,web,completed,248,2025-01-07
A4613,S2804,U1420,DL,ussd,failed,809,2025-01-01
A4614,S2307,U1039,BIRTH_CERT,voice,completed,153,2025-03-01
A4615,S2230,U1318,LAND,voice,failed,144,2025-03-07
A4616,S2225,U1051,DL,ussd,completed,719,2025-02-17
A4617,S2280,U1488,LAND,web,abandoned,382,2025-03-15
A4618,S2224,U1459,DL,web,completed,378,2025-03-25
A4619,S2782,U1159,ID_REPLACEMENT,voice,completed,884,2025-04-30
A4620,S2512,U1410,LAND,voice,completed,425,2025-04-09
A4621,S2677,U1297,BIRTH_CERT,voice,failed,379,2025-02-18
A4622,S3158,U1237,BIRTH_CERT,web,completed,438,2025-01-07
A4623,S2835,U1435,LAND,web,completed,347,2025-03-26
A4624,S2393,U1028,ID_REPLACEMENT,voice,failed,266,2025-02-17
A4625,S2408,U1301,BIRTH_CERT,web,completed,33,2025-01-31
A4626,S2351,U1065,LAND,web,completed,496,2025-02-20
A4627,S2869,U1301,DL,voice,completed,461,2025-03-22
A4628,S3178,U1466,BIRTH_CERT,web,completed,543,2025-03-01
A4629,S2655,U1408,BIRTH_CERT,web,completed,351,2025-03-17
A4630,S2242,U1098,BIRTH_CERT,voice,failed,180,2025-03-13
A4631,S2347,U1448,DL,ussd,completed,487,2025-03-01
A4632,S2956,U1440,DL,voice,completed,511,2025-04-06
A4633,S2895,U1027,LAND,voice,completed,598,2025-03-20
A4634,S2421,U1401,DL,ussd,completed,97,2025-03-16
A4635,S2810,U1237,ID_REPLACEMENT,voice,completed,234,2025-03-08
A4636,S2767,U1190,BIRTH_CERT,voice,completed,199,2025-02-26
A4637,S2356,U1401,LAND,ussd,completed,263,2025-04-12
A4638,S2721,U1279,DL,ussd,failed,105,2025-04-05
A4639,S3147,U1434,ID_REPLACEMENT,web,failed,731,2025-01-24
A4640,S2063,U1028,BIRTH_CERT,ussd,completed,802,2025-04-24
A4641,S2958,U1274,LAND,ussd,abandoned,391,2025-01-23
A4642,S2987,U1498,ID_REPLACEMENT,voice,completed,994,2025-04-02
A4643,S2048,U1158,DL,ussd,completed,353,2025-03-12
A4644,S2435,U1350,ID_REPLACEMENT,voice,abandoned,1504,2025-04-29
A4645,S2504,U1491,BIRTH_CERT,web,completed,205,2025-02-01
A4646,S2918,U1495,ID_REPLACEMENT,web,completed,404,2025-04-04
A4647,S2630,U1085,BIRTH_CERT,web,completed,212,2025-03-12
A4648,S2355,U1156,BIRTH_CERT,web,completed,805,2025-04-09
A4649,S2779,U1275,BIRTH_CERT,voice,failed,56,2025-02-18
A4650,S2697,U1449,ID_REPLACEMENT,voice,completed,1753,2025-04-28
A4651,S2151,U1067,LAND,voice,completed,300,2025-02-15
A4652,S2341,U1173,DL,ussd,completed,629,2025-02-09
A4653,S2215,U1274,LAND,voice,failed,779,2025-04-26
A4654,S2263,U1134,BIRTH_CERT,web,completed,399,2025-03-15
A4655,S2100,U1169,LAND,web,completed,256,2025-02-22
A4656,S2128,U1399,LAND,ussd,completed,364,2025-03-03
A4657,S2764,U1179,BIRTH_CERT,ussd,abandoned,200,2025-01-03
A4658,S2301,U1288,DL,web,completed,441,2025-01-02
A4659,S2259,U1294,ID_REPLACEMENT,voice,completed,211,2025-02-23
A4660,S2583,U1298,DL,voice,abandoned,685,2025-04-12
A4661,S2543,U1106,ID_REPLACEMENT,voice,failed,341,2025-02-20
A4662,S2783,U1211,LAND,voice,completed,154,2025-04-09
A4663,S2030,U1124,ID_REPLACEMENT,voice,completed,428,2025-04-12
A4664,S2132,U1429,DL,web,completed,310,2025-02-15
A4665,S2938,U1248,ID_REPLACEMENT,web,completed,188,2025-04-05
A4666,S2652,U1387,BIRTH_CERT,voice,abandoned,556,2025-01-19
A4667,S3159,U1270,LAND,voice,completed,377,2025-01-22
A4668,S2906,U1042,DL,ussd,abandoned,640,2025-01-19
A4669,S2706,U1285,LAND,voice,completed,1632,2025-01-21
A4670,S2032,U1294,DL,voice,completed,885,2025-01-27
A4671,S2643,U1106,LAND,voice,completed,154,2025-04-26
A4672,S2498,U1298,DL,ussd,abandoned,241,2025-01-21
A4673,S2493,U1013,LAND,web,completed,358,2025-03-21
A4674,S3173,U1197,LAND,voice,completed,328,2025-02-24
A4675,S2313,U1085,DL,voice,completed,558,2025-01-29
A4676,S2955,U1363,BIRTH_CERT,web,completed,438,2025-02-02
A4677,S2353,U1273,ID_REPLACEMENT,voice,failed,570,2025-03-16
A4678,S2874,U1301,BIRTH_CERT,web,completed,1622,2025-01-10
A4679,S2482,U1334,DL,web,completed,1012,2025-01-21
A4680,S2592,U1020,BIRTH_CERT,web,completed,401,2025-01-17
A4681,S3119,U1227,ID_REPLACEMENT,web,abandoned,94,2025-02-27
A4682,S2537,U1331,LAND,web,abandoned,389,2025-03-04
A4683,S2910,U1474,LAND,voice,failed,826,2025-03-03
A4684,S2415,U1188,DL,voice,abandoned,174,2025-03-15
A4685,S3084,U1202,BIRTH_CERT,voice,completed,486,2025-04-03
A4686,S3027,U1350,BIRTH_CERT,ussd,abandoned,142,2025-01-06
A4687,S3001,U1064,ID_REPLACEMENT,web,completed,1256,2025-01-10
A4688,S3035,U1408,ID_REPLACEMENT,web,completed,728,2025-02-15
A4689,S2650,U1498,DL,web,completed,117,2025-03-12
A4690,S2781,U1216,BIRTH_CERT,web,completed,146,2025-01-11
A4691,S3038,U1464,DL,voice,abandoned,780,2025-02-12
A4692,S2268,U1070,BIRTH_CERT,voice,completed,654,2025-02-27
A4693,S2289,U1287,LAND,web,failed,663,2025-04-17
A4694,S3023,U1431,BIRTH_CERT,voice,failed,851,2025-02-07
A4695,S2732,U1106,DL,voice,completed,427,2025-04-14
A4696,S2042,U1472,BIRTH_CERT,voice,completed,322,2025-01-23
A4697,S2480,U1465,ID_REPLACEMENT,voice,abandoned,119,2025-02-15
A4698,S2427,U1034,BIRTH_CERT,web,failed,180,2025-02-01
A4699,S2816,U1089,BIRTH_CERT,web,failed,451,2025-03-30
A4700,S2988,U1203,LAND,ussd,abandoned,581,2025-04-24
A4701,S2544,U1497,DL,voice,completed,1115,2025-03-08
A4702,S2257,U1486,ID_REPLACEMENT,voice,completed,755,2025-04-02
A4703,S2289,U1333,LAND,ussd,failed,391,2025-01-09
A4704,S2446,U1263,DL,voice,completed,446,2025-01-04
A4705,S2725,U1277,DL,voice,abandoned,1222,2025-02-19
A4706,S2578,U1203,LAND,voice,abandoned,574,2025-04-20
A4707,S2905,U1415,LAND,voice,completed,319,2025-03-10
A4708,S2398,U1045,LAND,web,completed,170,2025-03-18
A4709,S2459,U1396,ID_REPLACEMENT,web,completed,691,2025-03-14
A4710,S3140,U1288,LAND,voice,completed,717,2025-01-15
A4711,S2678,U1244,DL,ussd,completed,686,2025-04-16
A4712,S3074,U1256,DL,web,completed,383,2025-02-28
A4713,S2141,U1091,BIRTH_CERT,web,abandoned,279,2025-04-24
A4714,S2652,U1066,BIRTH_CERT,ussd,completed,273,2025-03-26
A4715,S2077,U1368,LAND,web,completed,358,2025-01-20
A4716,S2427,U1079,LAND,voice,completed,681,2025-04-17
A4717,S2038,U1433,ID_REPLACEMENT,web,failed,569,2025-03-09
A4718,S2187,U1125,ID_REPLACEMENT,web,completed,1322,2025-04-18
A4719,S2761,U1415,DL,voice,completed,168,2025-04-10
A4720,S2844,U1491,LAND,voice,completed,78,2025-04-01
A4721,S2002,U1009,ID_REPLACEMENT,web,failed,277,2025-02-23
A4722,S2699,U1384,LAND,ussd,completed,310,2025-01-13
A4723,S3110,U1454,BIRTH_CERT,ussd,failed,224,2025-01-09
A4724,S2921,U1430,DL,web,completed,575,2025-01-12
A4725,S2220,U1262,ID_REPLACEMENT,web,abandoned,97,2025-01-24
A4726,S2159,U1365,DL,web,completed,464,2025-01-28
A4727,S2870,U1445,ID_REPLACEMENT,voice,completed,379,2025-01-07
A4728,S2990,U1179,DL,voice,failed,297,2025-02-17
A4729,S2500,U1113,BIRTH_CERT,voice,completed,102,2025-04-14
A4730,S2293,U1067,LAND,web,completed,178,2025-01-15
A4731,S3108,U1131,BIRTH_CERT,voice,completed,587,2025-01-17
A4732,S2661,U1312,ID_REPLACEMENT,ussd,completed,501,2025-02-20
A4733,S2180,U1344,LAND,ussd,abandoned,571,2025-03-14
A4734,S2469,U1004,ID_REPLACEMENT,voice,abandoned,407,2025-04-08
A4735,S2500,U1198,DL,web,completed,649,2025-04-12
A4736,S2800,U1310,BIRTH_CERT,voice,failed,180,2025-02-09
A4737,S2944,U1066,BIRTH_CERT,web,abandoned,1434,2025-03-08
A4738,S2765,U1440,DL,web,completed,259,2025-02-03
A4739,S2133,U1494,LAND,voice,completed,121,2025-04-24
A4740,S2445,U1354,DL,voice,failed,359,2025-04-20
A4741,S3118,U1074,ID_REPLACEMENT,voice,abandoned,1153,2025-01-06
A4742,S3141,U1075,DL,web,completed,389,2025-03-17
A4743,S3170,U1246,LAND,voice,failed,786,2025-01-08
A4744,S2901,U1038,ID_REPLACEMENT,voice,completed,1478,2025-01-27
A4745,S3031,U1079,ID_REPLACEMENT,voice,completed,672,2025-03-19
A4746,S2110,U1360,ID_REPLACEMENT,voice,completed,1142,2025-03-27
A4747,S2216,U1426,ID_REPLACEMENT,voice,completed,949,2025-04-15
A4748,S2882,U1198,LAND,voice,completed,1062,2025-03-11
A4749,S2782,U1468,ID_REPLACEMENT,web,completed,431,2025-04-03
A4750,S2149,U1009,BIRTH_CERT,voice,abandoned,184,2025-04-18
A4751,S2597,U1378,DL,voice,abandoned,564,2025-04-22
A4752,S3079,U1337,DL,voice,completed,494,2025-01-06
A4753,S2785,U1028,ID_REPLACEMENT,voice,completed,495,2025-02-15
A4754,S2106,U1255,BIRTH_CERT,voice,abandoned,263,2025-02-14
A4755,S2892,U1254,ID_REPLACEMENT,voice,completed,139,2025-02-09
A4756,S3062,U1153,ID_REPLACEMENT,voice,completed,200,2025-01-04
A4757,S2088,U1029,ID_REPLACEMENT,ussd,failed,132,2025-02-09
A4758,S2188,U1108,LAND,web,completed,391,2025-01-24
A4759,S3008,U1064,LAND,web,completed,1236,2025-03-05
A4760,S2555,U1421,DL,voice,completed,556,2025-02-19
A4761,S2231,U1494,LAND,web,completed,107,2025-02-22
A4762,S2795,U1014,BIRTH_CERT,voice,failed,277,2025-01-19
A4763,S2285,U1344,BIRTH_CERT,web,completed,441,2025-04-17
A4764,S3074,U1018,LAND,ussd,completed,166,2025-02-28
A4765,S2800,U1027,BIRTH_CERT,voice,completed,472,2025-01-19
A4766,S3009,U1496,ID_REPLACEMENT,voice,abandoned,258,2025-04-06
A4767,S2831,U1352,BIRTH_CERT,voice,abandoned,1445,2025-02-07
A4768,S2484,U1248,BIRTH_CERT,web,completed,1328,2025-04-25
A4769,S3096,U1270,BIRTH_CERT,ussd,failed,173,2025-04-14
A4770,S2964,U1120,BIRTH_CERT,web,completed,278,2025-01-21
A4771,S2821,U1333,DL,ussd,abandoned,1029,2025-04-24
A4772,S2176,U1060,DL,ussd,abandoned,470,2025-02-06
A4773,S3007,U1037,LAND,voice,completed,1030,2025-03-28
A4774,S3030,U1354,BIRTH_CERT,web,abandoned,969,2025-02-26
A4775,S3005,U1287,DL,web,completed,190,2025-02-16
A4776,S2939,U1205,LAND,web,completed,301,2025-03-22
A4777,S2827,U1332,ID_REPLACEMENT,ussd,failed,128,2025-01-31
A4778,S2256,U1296,BIRTH_CERT,voice,completed,378,2025-04-17
A4779,S2562,U1212,LAND,web,completed,287,2025-02-07
A4780,S2805,U1203,LAND,voice,completed,175,2025-01-03
A4781,S2577,U1398,ID_REPLACEMENT,web,completed,660,2025-04-09
A4782,S2368,U1215,ID_REPLACEMENT,voice,completed,323,2025-01-09
A4783,S2963,U1211,LAND,web,completed,1627,2025-02-16
A4784,S3097,U1318,BIRTH_CERT,ussd,completed,561,2025-03-02
A4785,S3122,U1000,BIRTH_CERT,web,failed,493,2025-03-17
A4786,S2186,U1426,DL,ussd,completed,189,2025-01-09
A4787,S2701,U1397,LAND,ussd,completed,395,2025-02-16
A4788,S2746,U1129,DL,web,completed,402,2025-01-31
A4789,S2062,U1007,LAND,voice,failed,618,2025-03-26
A4790,S2889,U1010,LAND,web,completed,1891,2025-02-09
A4791,S2227,U1019,LAND,voice,completed,135,2025-04-13
A4792,S2014,U1043,BIRTH_CERT,voice,abandoned,448,2025-02-18
A4793,S2128,U1314,BIRTH_CERT,voice,completed,1310,2025-04-10
A4794,S3117,U1016,LAND,voice,failed,1196,2025-02-21
A4795,S2755,U1244,ID_REPLACEMENT,web,completed,1000,2025-04-27
A4796,S3111,U1395,ID_REPLACEMENT,web,abandoned,206,2025-02-11
A4797,S2837,U1211,LAND,voice,failed,1101,2025-04-09
A4798,S3033,U1329,DL,voice,completed,318,2025-03-27
A4799,S2685,U1276,BIRTH_CERT,web,completed,1124,2025-01-06
A4800,S2686,U1194,DL,web,completed,93,2025-01-15
A4801,S2950,U1131,DL,voice,failed,611,2025-01-28
A4802,S2529,U1215,ID_REPLACEMENT,voice,failed,1145,2025-02-19
A4803,S2521,U1181,ID_REPLACEMENT,voice,completed,762,2025-03-05
A4804,S3115,U1228,DL,voice,failed,592,2025-03-16
A4805,S2442,U1154,DL,voice,completed,582,2025-01-10
A4806,S2297,U1111,DL,ussd,completed,352,2025-02-08
A4807,S2112,U1222,ID_REPLACEMENT,voice,completed,1450,2025-04-05
A4808,S2390,U1252,DL,web,completed,822,2025-01-20
A4809,S2782,U1201,ID_REPLACEMENT,voice,abandoned,1405,2025-01-04
A4810,S2998,U1323,BIRTH_CERT,ussd,failed,102,2025-02-15
A4811,S2930,U1459,BIRTH_CERT,web,completed,667,2025-03-17
A4812,S2820,U1078,DL,web,completed,1153,2025-01-27
A4813,S3024,U1473,DL,web,completed,391,2025-02-18
A4814,S2754,U1161,ID_REPLACEMENT,ussd,completed,302,2025-01-06
A4815,S3128,U1384,BIRTH_CERT,voice,abandoned,739,2025-02-22
A4816,S2405,U1058,LAND,voice,failed,1091,2025-04-22
A4817,S2979,U1435,BIRTH_CERT,ussd,completed,1088,2025-04-25
A4818,S2291,U1300,DL,ussd,completed,280,2025-02-05
A4819,S2399,U1273,ID_REPLACEMENT,web,completed,78,2025-04-11
A4820,S2149,U1328,ID_REPLACEMENT,voice,completed,1413,2025-04-29
A4821,S3158,U1366,DL,ussd,abandoned,398,2025-01-22
A4822,S2847,U1254,ID_REPLACEMENT,voice,completed,1107,2025-04-29
A4823,S2954,U1305,LAND,ussd,abandoned,587,2025-03-30
A4824,S2679,U1289,ID_REPLACEMENT,voice,failed,107,2025-04-28
A4825,S2346,U1053,LAND,voice,failed,815,2025-03-02
A4826,S2115,U1181,DL,web,completed,984,2025-02-01
A4827,S2871,U1307,DL,voice,completed,1208,2025-02-21
A4828,S2190,U1242,LAND,voice,completed,173,2025-03-18
A4829,S2334,U1413,DL,voice,failed,257,2025-02-21
A4830,S2348,U1387,BIRTH_CERT,web,completed,231,2025-03-18
A4831,S2474,U1052,LAND,web,failed,471,2025-02-22
A4832,S2493,U1151,LAND,voice,completed,602,2025-04-20
A4833,S3184,U1305,DL,web,completed,776,2025-01-30
A4834,S2105,U1237,LAND,voice,completed,62,2025-01-29
A4835,S2412,U1428,BIRTH_CERT,ussd,completed,970,2025-04-07
A4836,S2589,U1316,BIRTH_CERT,web,failed,1264,2025-03-01
A4837,S2377,U1089,LAND,voice,failed,380,2025-01-31
A4838,S3075,U1390,DL,web,completed,341,2025-01-31
A4839,S2700,U1237,ID_REPLACEMENT,web,completed,356,2025-01-30
A4840,S2250,U1498,ID_REPLACEMENT,voice,abandoned,900,2025-03-19
A4841,S2485,U1044,BIRTH_CERT,voice,completed,557,2025-01-23
A4842,S2882,U1084,ID_REPLACEMENT,web,completed,274,2025-04-10
A4843,S2550,U1236,LAND,web,completed,1323,2025-04-07
A4844,S3086,U1461,BIRTH_CERT,voice,failed,297,2025-01-28
A4845,S3016,U1497,DL,voice,abandoned,877,2025-02-09
A4846,S2767,U1498,BIRTH_CERT,ussd,completed,516,2025-02-01
A4847,S2090,U1033,BIRTH_CERT,web,completed,925,2025-04-19
A4848,S2202,U1137,ID_REPLACEMENT,web,failed,827,2025-04-15
A4849,S2546,U1138,BIRTH_CERT,web,abandoned,207,2025-04-30
A4850,S3041,U1428,LAND,ussd,completed,331,2025-03-31
A4851,S2274,U1048,ID_REPLACEMENT,voice,abandoned,190,2025-03-09
A4852,S3193,U1423,BIRTH_CERT,ussd,failed,1189,2025-01-23
A4853,S2959,U1434,DL,ussd,completed,395,2025-01-14
A4854,S2859,U1326,DL,ussd,failed,1136,2025-04-07
A4855,S3153,U1098,ID_REPLACEMENT,web,completed,1462,2025-03-10
A4856,S2429,U1118,ID_REPLACEMENT,web,abandoned,292,2025-03-15
A4857,S2834,U1231,BIRTH_CERT,ussd,completed,173,2025-03-14
A4858,S2253,U1155,ID_REPLACEMENT,web,completed,1690,2025-01-08
A4859,S2782,U1445,LAND,voice,failed,606,2025-03-18
A4860,S2197,U1142,ID_REPLACEMENT,voice,completed,164,2025-02-26
A4861,S2059,U1037,BIRTH_CERT,web,completed,425,2025-03-18
A4862,S2515,U1360,LAND,web,abandoned,878,2025-02-17
A4863,S2660,U1304,BIRTH_CERT,voice,failed,183,2025-01-02
A4864,S2038,U1128,DL,voice,completed,533,2025-03-27
A4865,S2578,U1305,LAND,web,abandoned,418,2025-02-03
A4866,S2457,U1141,DL,ussd,abandoned,631,2025-02-23
A4867,S2371,U1110,LAND,voice,failed,500,2025-02-21
A4868,S3020,U1115,DL,ussd,completed,282,2025-04-11
A4869,S2313,U1396,LAND,ussd,failed,1098,2025-04-11
A4870,S2781,U1021,BIRTH_CERT,voice,failed,127,2025-01-12
A4871,S2265,U1312,LAND,web,failed,232,2025-02-24
A4872,S3160,U1340,ID_REPLACEMENT,ussd,completed,443,2025-03-10
A4873,S2101,U1296,DL,voice,abandoned,77,2025-04-16
A4874,S3199,U1420,DL,web,completed,1133,2025-02-15
A4875,S2806,U1337,LAND,ussd,completed,80,2025-02-02
A4876,S2424,U1360,LAND,voice,completed,925,2025-03-27
A4877,S2554,U1200,ID_REPLACEMENT,voice,abandoned,500,2025-01-28
A4878,S3090,U1230,BIRTH_CERT,voice,completed,767,2025-01-11
A4879,S3001,U1478,BIRTH_CERT,voice,failed,758,2025-02-24
A4880,S2077,U1483,LAND,voice,completed,468,2025-02-06
A4881,S2015,U1004,DL,voice,failed,198,2025-01-23
A4882,S2664,U1030,LAND,ussd,completed,794,2025-04-10
A4883,S3145,U1064,BIRTH_CERT,voice,failed,1117,2025-03-16
A4884,S3050,U1085,DL,voice,completed,750,2025-02-08
A4885,S2821,U1312,DL,web,completed,2860,2025-03-28
A4886,S3079,U1398,ID_REPLACEMENT,ussd,completed,502,2025-03-18
A4887,S2970,U1089,LAND,voice,abandoned,640,2025-03-28
A4888,S2100,U1284,DL,voice,completed,278,2025-02-26
A4889,S2938,U1437,ID_REPLACEMENT,voice,completed,1119,2025-03-19
A4890,S2698,U1168,BIRTH_CERT,web,failed,501,2025-04-07
A4891,S2210,U1474,LAND,ussd,completed,454,2025-04-26
A4892,S2884,U1289,DL,web,abandoned,593,2025-01-17
A4893,S3117,U1212,ID_REPLACEMENT,voice,completed,420,2025-01-15
A4894,S2775,U1203,BIRTH_CERT,voice,abandoned,190,2025-03-12
A4895,S2500,U1034,ID_REPLACEMENT,voice,failed,540,2025-02-07
A4896,S2796,U1438,ID_REPLACEMENT,web,failed,492,2025-04-23
A4897,S2909,U1225,ID_REPLACEMENT,voice,completed,978,2025-04-04
A4898,S2753,U1032,LAND,web,completed,522,2025-04-23
A4899,S2739,U1297,BIRTH_CERT,web,completed,1091,2025-01-28
