session_id,user_id,channel,language,total_duration_sec,total_turns,final_outcome,transfer_reason,created_at
S2000,U1303,voice,KINYARWANDA,173,11,abandoned,system,2025-02-17
S2001,U1449,voice,KINYARWANDA,150,4,completed,,2025-02-20
S2002,U1453,voice,KINYARWANDA,128,11,transferred,,2025-04-07
S2003,U1411,voice,KINYARWANDA,63,14,completed,,2025-04-29
S2004,U1116,voice,KINYARWANDA,38,10,abandoned,,2025-04-05
S2005,U1220,voice,KINYARWANDA,96,11,completed,,2025-03-11
S2006,U1153,voice,KINYARWANDA,46,6,completed,system,2025-03-15
S2007,U1152,voice,KINYARWANDA,130,3,abandoned,system,2025-03-21
S2008,U1011,voice,KINYARWANDA,64,3,abandoned,,2025-03-09
S2009,U1132,voice,KINYARWANDA,30,7,abandoned,,2025-04-28
S2010,U1481,voice,KINYARWANDA,142,4,completed,user_request,2025-01-22
S2011,U1303,voice,KINYARWANDA,82,10,completed,user_request,2025-03-18
S2012,U1292,voice,KINYARWANDA,28,12,completed,,2025-03-21
S2013,U1462,voice,KINYARWANDA,209,13,transferred,,2025-04-26
S2014,U1299,voice,KINYARWANDA,105,7,completed,,2025-04-03
S2015,U1227,voice,KINYARWANDA,204,7,completed,,2025-01-06
S2016,U1270,voice,KINYARWANDA,120,4,completed,,2025-01-26
S2017,U1042,voice,KINYARWANDA,68,9,abandoned,,2025-03-16
S2018,U1431,voice,KINYARWANDA,50,10,completed,repeated_errors,2025-03-29
S2019,U1342,voice,KINYARWANDA,154,12,transferred,,2025-04-03
S2020,U1325,voice,KINYARWANDA,279,3,completed,,2025-01-03
S2021,U1301,voice,KINYARWANDA,145,4,transferred,,2025-02-21
S2022,U1497,voice,KINYARWANDA,66,12,completed,user_request,2025-03-15
S2023,U1363,voice,KINYARWANDA,124,6,abandoned,user_request,2025-03-01
S2024,U1378,voice,KINYARWANDA,44,7,transferred,,2025-03-04
S2025,U1426,voice,KINYARWANDA,144,4,completed,,2025-03-06
S2026,U1492,voice,KINYARWANDA,183,3,transferred,system,2025-02-21
S2027,U1020,voice,KINYARWANDA,73,11,completed,,2025-04-17
S2028,U1406,voice,KINYARWANDA,260,3,transferred,,2025-03-31
S2029,U1106,voice,KINYARWANDA,65,6,abandoned,,2025-03-17
S2030,U1335,voice,KINYARWANDA,123,4,completed,,2025-01-14
S2031,U1302,voice,KINYARWANDA,169,13,completed,,2025-03-30
S2032,U1116,voice,KINYARWANDA,73,6,completed,system,2025-03-13
S2033,U1123,voice,KINYARWANDA,35,10,completed,repeated_errors,2025-04-17
S2034,U1398,voice,KINYARWANDA,42,10,completed,,2025-03-09
S2035,U1280,voice,KINYARWANDA,78,13,completed,system,2025-01-28
S2036,U1291,voice,KINYARWANDA,73,14,completed,,2025-03-12
S2037,U1202,voice,KINYARWANDA,98,11,abandoned,,2025-01-10
S2038,U1050,voice,KINYARWANDA,148,13,completed,repeated_errors,2025-04-25
S2039,U1270,voice,KINYARWANDA,185,14,completed,repeated_errors,2025-02-26
S2040,U1323,voice,KINYARWANDA,199,7,abandoned,,2025-04-10
S2041,U1276,voice,KINYARWANDA,358,9,completed,,2025-03-07
S2042,U1140,voice,KINYARWANDA,51,5,completed,repeated_errors,2025-03-31
S2043,U1469,voice,KINYARWANDA,365,12,completed,repeated_errors,2025-04-27
S2044,U1274,voice,KINYARWANDA,90,6,transferred,repeated_errors,2025-02-19
S2045,U1289,voice,KINYARWANDA,84,12,abandoned,,2025-01-14
S2046,U1333,voice,KINYARWANDA,179,11,completed,,2025-01-16
S2047,U1380,voice,KINYARWANDA,62,12,abandoned,,2025-02-23
S2048,U1451,voice,KINYARWANDA,159,12,completed,,2025-02-12
S2049,U1495,voice,KINYARWANDA,271,14,abandoned,system,2025-02-11
S2050,U1372,voice,KINYARWANDA,74,3,abandoned,,2025-03-22
S2051,U1051,voice,KINYARWANDA,175,4,abandoned,,2025-04-20
S2052,U1493,voice,KINYARWANDA,149,7,completed,user_request,2025-01-22
S2053,U1026,voice,KINYARWANDA,395,5,completed,,2025-03-09
S2054,U1156,voice,KINYARWANDA,19,4,completed,,2025-01-19
S2055,U1238,voice,KINYARWANDA,66,3,transferred,user_request,2025-03-07
S2056,U1155,voice,KINYARWANDA,31,12,abandoned,user_request,2025-02-08
S2057,U1290,voice,KINYARWANDA,174,5,abandoned,repeated_errors,2025-03-14
S2058,U1135,voice,KINYARWANDA,114,3,transferred,,2025-01-19
S2059,U1143,voice,KINYARWANDA,299,14,completed,repeated_errors,2025-01-16
S2060,U1105,voice,KINYARWANDA,35,3,abandoned,user_request,2025-02-23
S2061,U1419,voice,KINYARWANDA,91,14,abandoned,,2025-01-25
S2062,U1157,voice,KINYARWANDA,257,3,transferred,,2025-04-22
S2063,U1145,voice,KINYARWANDA,80,10,transferred,user_request,2025-01-18
S2064,U1001,voice,KINYARWANDA,74,5,abandoned,,2025-01-23
S2065,U1432,voice,KINYARWANDA,65,13,completed,user_request,2025-04-27
S2066,U1076,voice,KINYARWANDA,45,3,abandoned,,2025-03-26
S2067,U1131,voice,KINYARWANDA,43,9,completed,,2025-01-11
S2068,U1089,voice,KINYARWANDA,59,12,abandoned,,2025-02-08
S2069,U1344,voice,KINYARWANDA,21,5,transferred,user_request,2025-04-15
S2070,U1349,voice,KINYARWANDA,108,10,completed,,2025-03-09
S2071,U1458,voice,KINYARWANDA,67,6,abandoned,,2025-01-25
S2072,U1262,voice,KINYARWANDA,4,6,completed,repeated_errors,2025-03-04
S2073,U1350,voice,KINYARWANDA,22,7,completed,repeated_errors,2025-04-06
S2074,U1107,voice,KINYARWANDA,4,8,completed,system,2025-01-30
S2075,U1073,voice,KINYARWANDA,24,9,abandoned,,2025-02-14
S2076,U1038,voice,KINYARWANDA,219,6,transferred,,2025-03-31
S2077,U1396,voice,KINYARWANDA,109,10,transferred,system,2025-03-02
S2078,U1158,voice,KINYARWANDA,66,8,completed,repeated_errors,2025-04-10
S2079,U1070,voice,KINYARWANDA,172,3,transferred,,2025-02-20
S2080,U1446,voice,KINYARWANDA,66,3,abandoned,,2025-04-08
S2081,U1311,voice,KINYARWANDA,27,11,completed,user_request,2025-01-09
S2082,U1240,voice,KINYARWANDA,61,12,completed,,2025-03-17
S2083,U1425,voice,KINYARWANDA,181,8,completed,repeated_errors,2025-01-02
S2084,U1444,voice,KINYARWANDA,115,12,transferred,,2025-04-12
S2085,U1297,voice,KINYARWANDA,198,10,abandoned,,2025-01-05
S2086,U1439,voice,KINYARWANDA,95,9,abandoned,repeated_errors,2025-03-03
S2087,U1035,voice,KINYARWANDA,60,14,completed,,2025-03-10
S2088,U1083,voice,KINYARWANDA,264,8,abandoned,,2025-02-21
S2089,U1451,voice,KINYARWANDA,54,6,completed,,2025-03-27
S2090,U1373,voice,KINYARWANDA,180,9,completed,,2025-01-05
S2091,U1262,voice,KINYARWANDA,34,11,abandoned,repeated_errors,2025-02-28
S2092,U1309,voice,KINYARWANDA,176,13,completed,user_request,2025-03-09
S2093,U1384,voice,KINYARWANDA,147,12,abandoned,user_request,2025-01-09
S2094,U1171,voice,KINYARWANDA,177,12,completed,,2025-04-03
S2095,U1375,voice,KINYARWANDA,32,9,abandoned,,2025-01-22
S2096,U1172,voice,KINYARWANDA,115,3,completed,,2025-01-27
S2097,U1361,voice,KINYARWANDA,49,12,abandoned,system,2025-01-10
S2098,U1046,voice,KINYARWANDA,18,11,completed,user_request,2025-03-21
S2099,U1378,voice,KINYARWANDA,45,6,completed,user_request,2025-04-16
S2100,U1140,voice,KINYARWANDA,242,5,transferred,,2025-04-16
S2101,U1374,voice,KINYARWANDA,242,6,completed,,2025-03-02
S2102,U1405,voice,KINYARWANDA,35,6,abandoned,,2025-02-20
S2103,U1117,voice,KINYARWANDA,100,12,transferred,,2025-01-10
S2104,U1276,voice,KINYARWANDA,139,13,completed,,2025-01-06
S2105,U1213,voice,KINYARWANDA,37,4,completed,system,2025-03-03
S2106,U1219,voice,KINYARWANDA,149,14,abandoned,,2025-04-23
S2107,U1392,voice,KINYARWANDA,189,3,transferred,,2025-01-05
S2108,U1025,voice,KINYARWANDA,86,14,transferred,,2025-03-11
S2109,U1008,voice,KINYARWANDA,51,12,completed,system,2025-03-04
S2110,U1270,voice,KINYARWANDA,87,14,abandoned,repeated_errors,2025-02-25
S2111,U1009,voice,KINYARWANDA,23,3,completed,repeated_errors,2025-02-28
S2112,U1471,voice,KINYARWANDA,205,10,transferred,system,2025-03-04
S2113,U1377,voice,KINYARWANDA,76,4,transferred,,2025-04-21
S2114,U1120,voice,KINYARWANDA,214,14,completed,repeated_errors,2025-03-30
S2115,U1124,voice,KINYARWANDA,110,12,completed,,2025-02-28
S2116,U1169,voice,KINYARWANDA,43,7,completed,,2025-02-20
S2117,U1071,voice,KINYARWANDA,8,14,completed,user_request,2025-02-19
S2118,U1151,voice,KINYARWANDA,94,6,abandoned,user_request,2025-01-04
S2119,U1207,voice,KINYARWANDA,75,10,completed,,2025-04-14
S2120,U1048,voice,KINYARWANDA,138,4,completed,,2025-02-17
S2121,U1153,voice,KINYARWANDA,39,12,completed,,2025-02-01
S2122,U1346,voice,KINYARWANDA,88,11,transferred,,2025-04-30
S2123,U1292,voice,KINYARWANDA,137,9,abandoned,,2025-02-20
S2124,U1067,voice,KINYARWANDA,137,9,completed,,2025-02-21
S2125,U1049,voice,KINYARWANDA,241,3,completed,,2025-04-09
S2126,U1151,voice,KINYARWANDA,227,14,transferred,user_request,2025-03-15
S2127,U1018,voice,KINYARWANDA,108,4,abandoned,,2025-02-03
S2128,U1099,voice,KINYARWANDA,102,6,completed,,2025-02-05
S2129,U1059,voice,KINYARWANDA,136,6,completed,,2025-03-11
S2130,U1166,voice,KINYARWANDA,16,13,completed,user_request,2025-02-12
S2131,U1201,voice,KINYARWANDA,24,5,completed,,2025-04-20
S2132,U1344,voice,KINYARWANDA,36,9,abandoned,,2025-01-16
S2133,U1145,voice,KINYARWANDA,97,14,transferred,,2025-02-28
S2134,U1402,voice,KINYARWANDA,67,10,completed,repeated_errors,2025-02-22
S2135,U1163,voice,KINYARWANDA,46,4,abandoned,repeated_errors,2025-01-19
S2136,U1457,voice,KINYARWANDA,107,6,completed,user_request,2025-04-08
S2137,U1480,voice,KINYARWANDA,474,5,abandoned,system,2025-03-30
S2138,U1438,voice,KINYARWANDA,15,4,abandoned,user_request,2025-04-05
S2139,U1241,voice,KINYARWANDA,70,14,completed,repeated_errors,2025-04-23
S2140,U1068,voice,KINYARWANDA,201,8,completed,,2025-02-10
S2141,U1174,voice,KINYARWANDA,102,6,abandoned,,2025-03-22
S2142,U1048,voice,KINYARWANDA,28,8,completed,system,2025-02-16
S2143,U1482,voice,KINYARWANDA,113,4,completed,,2025-04-04
S2144,U1107,voice,KINYARWANDA,232,14,completed,,2025-04-13
S2145,U1225,voice,KINYARWANDA,64,6,transferred,repeated_errors,2025-02-23
S2146,U1160,voice,KINYARWANDA,150,13,completed,,2025-02-24
S2147,U1118,voice,KINYARWANDA,38,8,abandoned,repeated_errors,2025-04-05
S2148,U1148,voice,KINYARWANDA,32,7,completed,repeated_errors,2025-01-19
S2149,U1464,voice,KINYARWANDA,55,5,abandoned,,2025-03-03
S2150,U1149,voice,KINYARWANDA,139,10,abandoned,user_request,2025-04-09
S2151,U1431,voice,KINYARWANDA,292,9,transferred,,2025-04-03
S2152,U1292,voice,KINYARWANDA,276,5,completed,,2025-02-28
S2153,U1142,voice,KINYARWANDA,56,8,abandoned,,2025-03-06
S2154,U1418,voice,KINYARWANDA,105,6,abandoned,repeated_errors,2025-03-09
S2155,U1475,voice,KINYARWANDA,101,13,completed,user_request,2025-01-28
S2156,U1454,voice,KINYARWANDA,159,7,completed,,2025-01-18
S2157,U1159,voice,KINYARWANDA,12,13,completed,repeated_errors,2025-01-26
S2158,U1010,voice,KINYARWANDA,94,7,completed,,2025-04-14
S2159,U1137,voice,KINYARWANDA,15,9,transferred,system,2025-01-19
S2160,U1456,voice,KINYARWANDA,337,13,completed,,2025-02-24
S2161,U1077,voice,KINYARWANDA,247,7,completed,repeated_errors,2025-04-29
S2162,U1076,voice,KINYARWANDA,48,13,abandoned,,2025-02-26
S2163,U1440,voice,KINYARWANDA,368,5,completed,,2025-01-06
S2164,U1253,voice,KINYARWANDA,34,12,completed,,2025-01-01
S2165,U1408,voice,KINYARWANDA,113,7,completed,user_request,2025-01-08
S2166,U1257,voice,KINYARWANDA,99,9,transferred,,2025-04-07
S2167,U1319,voice,KINYARWANDA,26,7,transferred,system,2025-02-20
S2168,U1290,voice,KINYARWANDA,194,7,transferred,,2025-04-17
S2169,U1262,voice,KINYARWANDA,185,11,completed,,2025-03-26
S2170,U1084,voice,KINYARWANDA,174,5,abandoned,,2025-03-29
S2171,U1145,voice,KINYARWANDA,106,8,completed,user_request,2025-01-25
S2172,U1322,voice,KINYARWANDA,209,3,completed,,2025-02-16
S2173,U1041,voice,KINYARWANDA,64,12,completed,user_request,2025-02-24
S2174,U1373,voice,KINYARWANDA,200,7,abandoned,system,2025-03-05
S2175,U1124,voice,KINYARWANDA,90,10,completed,system,2025-04-17
S2176,U1166,voice,KINYARWANDA,74,7,completed,,2025-03-24
S2177,U1424,voice,KINYARWANDA,140,11,completed,repeated_errors,2025-04-03
S2178,U1240,voice,KINYARWANDA,142,13,completed,user_request,2025-04-27
S2179,U1458,voice,KINYARWANDA,83,8,abandoned,,2025-01-10
S2180,U1486,voice,KINYARWANDA,46,10,completed,repeated_errors,2025-02-25
S2181,U1279,voice,KINYARWANDA,141,12,abandoned,,2025-01-12
S2182,U1187,voice,KINYARWANDA,14,10,completed,,2025-02-02
S2183,U1301,voice,KINYARWANDA,54,5,abandoned,,2025-04-30
S2184,U1018,voice,KINYARWANDA,128,9,abandoned,,2025-03-12
S2185,U1067,voice,KINYARWANDA,34,9,completed,,2025-01-17
S2186,U1217,voice,KINYARWANDA,94,12,completed,,2025-03-02
S2187,U1101,voice,KINYARWANDA,136,14,abandoned,repeated_errors,2025-01-10
S2188,U1041,voice,KINYARWANDA,75,8,abandoned,,2025-01-31
S2189,U1287,voice,KINYARWANDA,67,14,completed,,2025-03-01
S2190,U1166,voice,KINYARWANDA,55,9,completed,,2025-03-11
S2191,U1108,voice,KINYARWANDA,113,4,transferred,repeated_errors,2025-01-17
S2192,U1493,voice,KINYARWANDA,225,11,abandoned,repeated_errors,2025-02-19
S2193,U1035,voice,KINYARWANDA,71,12,completed,repeated_errors,2025-02-06
S2194,U1231,voice,KINYARWANDA,26,12,completed,repeated_errors,2025-03-23
S2195,U1228,voice,KINYARWANDA,162,3,completed,,2025-03-03
S2196,U1352,voice,KINYARWANDA,134,3,abandoned,user_request,2025-03-31
S2197,U1163,voice,KINYARWANDA,358,5,completed,,2025-04-23
S2198,U1386,voice,KINYARWANDA,177,5,transferred,,2025-04-28
S2199,U1072,voice,KINYARWANDA,51,3,completed,repeated_errors,2025-03-21
S2200,U1135,voice,KINYARWANDA,39,14,completed,,2025-03-13
S2201,U1352,voice,KINYARWANDA,55,9,abandoned,repeated_errors,2025-03-29
S2202,U1378,voice,KINYARWANDA,275,6,transferred,repeated_errors,2025-03-18
S2203,U1069,voice,KINYARWANDA,149,12,abandoned,,2025-01-29
S2204,U1424,voice,KINYARWANDA,177,4,completed,,2025-02-01
S2205,U1486,voice,KINYARWANDA,165,12,abandoned,,2025-03-29
S2206,U1195,voice,KINYARWANDA,190,7,abandoned,system,2025-03-21
S2207,U1268,voice,KINYARWANDA,42,8,completed,repeated_errors,2025-01-11
S2208,U1048,voice,KINYARWANDA,87,11,completed,,2025-04-06
S2209,U1315,voice,KINYARWANDA,112,6,completed,,2025-01-06
S2210,U1129,voice,KINYARWANDA,182,4,completed,repeated_errors,2025-02-04
S2211,U1443,voice,KINYARWANDA,112,7,transferred,user_request,2025-02-02
S2212,U1004,voice,KINYARWANDA,154,5,completed,,2025-01-18
S2213,U1427,voice,KINYARWANDA,87,4,transferred,,2025-02-06
S2214,U1026,voice,KINYARWANDA,106,14,completed,user_request,2025-01-13
S2215,U1159,voice,KINYARWANDA,62,3,abandoned,,2025-03-15
S2216,U1148,voice,KINYARWANDA,47,12,completed,,2025-04-11
S2217,U1263,voice,KINYARWANDA,135,4,completed,system,2025-03-31
S2218,U1229,voice,KINYARWANDA,61,8,completed,repeated_errors,2025-04-20
S2219,U1199,voice,KINYARWANDA,48,10,completed,,2025-03-22
S2220,U1049,voice,KINYARWANDA,71,5,abandoned,,2025-03-05
S2221,U1066,voice,KINYARWANDA,97,13,completed,,2025-01-01
S2222,U1299,voice,KINYARWANDA,124,11,abandoned,,2025-03-04
S2223,U1380,voice,KINYARWANDA,48,14,completed,user_request,2025-03-30
S2224,U1057,voice,KINYARWANDA,79,11,completed,,2025-02-03
S2225,U1258,voice,KINYARWANDA,127,4,completed,repeated_errors,2025-04-13
S2226,U1341,voice,KINYARWANDA,48,10,transferred,system,2025-01-10
S2227,U1325,voice,KINYARWANDA,254,12,abandoned,,2025-03-25
S2228,U1129,voice,KINYARWANDA,218,13,completed,,2025-01-07
S2229,U1214,voice,KINYARWANDA,151,14,completed,,2025-02-25
S2230,U1171,voice,KINYARWANDA,161,7,completed,system,2025-03-21
S2231,U1257,voice,KINYARWANDA,87,6,transferred,user_request,2025-02-06
S2232,U1101,voice,KINYARWANDA,75,12,abandoned,,2025-01-29
S2233,U1208,voice,KINYARWANDA,342,7,completed,repeated_errors,2025-01-12
S2234,U1290,voice,KINYARWANDA,109,6,abandoned,repeated_errors,2025-01-17
S2235,U1353,voice,KINYARWANDA,77,10,completed,system,2025-02-17
S2236,U1470,voice,KINYARWANDA,44,6,transferred,,2025-03-25
S2237,U1285,voice,KINYARWANDA,108,12,completed,,2025-01-26
S2238,U1115,voice,KINYARWANDA,114,14,abandoned,user_request,2025-04-22
S2239,U1263,voice,KINYARWANDA,106,8,completed,,2025-03-24
S2240,U1149,voice,KINYARWANDA,160,4,abandoned,,2025-04-21
S2241,U1299,voice,KINYARWANDA,80,7,abandoned,,2025-01-12
S2242,U1441,voice,KINYARWANDA,254,8,abandoned,,2025-01-21
S2243,U1035,voice,KINYARWANDA,63,7,abandoned,,2025-02-11
S2244,U1452,voice,KINYARWANDA,69,14,transferred,system,2025-03-02
S2245,U1332,voice,KINYARWANDA,76,4,completed,,2025-02-27
S2246,U1476,voice,KINYARWANDA,85,9,completed,,2025-02-23
S2247,U1286,voice,KINYARWANDA,55,6,completed,repeated_errors,2025-02-03
S2248,U1302,voice,KINYARWANDA,13,10,transferred,,2025-01-07
S2249,U1310,voice,KINYARWANDA,53,9,completed,,2025-04-19
S2250,U1207,voice,KINYARWANDA,157,9,abandoned,repeated_errors,2025-02-04
S2251,U1105,voice,KINYARWANDA,31,11,abandoned,user_request,2025-01-15
S2252,U1445,voice,KINYARWANDA,153,3,completed,repeated_errors,2025-03-06
S2253,U1157,voice,KINYARWANDA,347,12,completed,repeated_errors,2025-03-31
S2254,U1120,voice,KINYARWANDA,233,8,completed,,2025-04-09
S2255,U1054,voice,KINYARWANDA,114,8,completed,system,2025-01-25
S2256,U1399,voice,KINYARWANDA,67,8,completed,,2025-04-16
S2257,U1011,voice,KINYARWANDA,72,14,completed,user_request,2025-02-28
S2258,U1144,voice,KINYARWANDA,112,8,transferred,,2025-03-20
S2259,U1399,voice,KINYARWANDA,157,14,transferred,system,2025-03-27
S2260,U1395,voice,KINYARWANDA,181,12,completed,repeated_errors,2025-01-06
S2261,U1135,voice,KINYARWANDA,309,9,completed,user_request,2025-02-21
S2262,U1467,voice,KINYARWANDA,371,12,completed,,2025-03-20
S2263,U1002,voice,KINYARWANDA,137,8,abandoned,,2025-03-29
S2264,U1143,voice,KINYARWANDA,56,3,abandoned,repeated_errors,2025-01-21
S2265,U1029,voice,KINYARWANDA,157,5,completed,user_request,2025-03-12
S2266,U1236,voice,KINYARWANDA,35,4,completed,,2025-04-03
S2267,U1278,voice,KINYARWANDA,43,8,abandoned,system,2025-04-06
S2268,U1347,voice,KINYARWANDA,214,10,abandoned,user_request,2025-02-01
S2269,U1114,voice,KINYARWANDA,145,5,completed,,2025-02-22
S2270,U1103,voice,KINYARWANDA,125,12,abandoned,user_request,2025-02-28
S2271,U1117,voice,KINYARWANDA,305,10,completed,,2025-03-10
S2272,U1004,voice,KINYARWANDA,139,10,completed,,2025-03-03
S2273,U1467,voice,KINYARWANDA,116,7,abandoned,,2025-01-04
S2274,U1359,voice,KINYARWANDA,92,10,abandoned,repeated_errors,2025-03-27
S2275,U1247,voice,KINYARWANDA,63,8,completed,repeated_errors,2025-01-18
S2276,U1363,voice,KINYARWANDA,139,7,transferred,,2025-04-09
S2277,U1320,voice,KINYARWANDA,88,11,completed,repeated_errors,2025-03-22
S2278,U1120,voice,KINYARWANDA,29,9,abandoned,repeated_errors,2025-04-24
S2279,U1285,voice,KINYARWANDA,115,10,completed,repeated_errors,2025-04-24
S2280,U1148,voice,KINYARWANDA,95,3,transferred,,2025-02-25
S2281,U1083,voice,KINYARWANDA,214,13,transferred,user_request,2025-01-24
S2282,U1453,voice,KINYARWANDA,5,4,completed,,2025-03-07
S2283,U1405,voice,KINYARWANDA,153,10,transferred,,2025-01-13
S2284,U1465,voice,KINYARWANDA,97,14,abandoned,,2025-03-03
S2285,U1455,voice,KINYARWANDA,22,11,abandoned,,2025-02-23
S2286,U1230,voice,KINYARWANDA,109,6,completed,user_request,2025-01-15
S2287,U1287,voice,KINYARWANDA,65,14,abandoned,,2025-03-10
S2288,U1160,voice,KINYARWANDA,61,12,transferred,repeated_errors,2025-01-03
S2289,U1271,voice,KINYARWANDA,147,13,completed,,2025-02-06
S2290,U1459,voice,KINYARWANDA,171,12,transferred,,2025-02-06
S2291,U1037,voice,KINYARWANDA,146,11,completed,system,2025-04-11
S2292,U1499,voice,KINYARWANDA,90,6,completed,user_request,2025-01-03
S2293,U1225,voice,KINYARWANDA,135,12,completed,,2025-03-04
S2294,U1141,voice,KINYARWANDA,146,12,abandoned,,2025-02-04
S2295,U1291,voice,KINYARWANDA,264,12,abandoned,,2025-02-21
S2296,U1480,voice,KINYARWANDA,83,11,completed,,2025-03-28
S2297,U1150,voice,KINYARWANDA,125,13,transferred,user_request,2025-01-28
S2298,U1113,voice,KINYARWANDA,205,9,completed,user_request,2025-04-04
S2299,U1236,voice,KINYARWANDA,186,4,completed,,2025-01-18
S2300,U1065,voice,KINYARWANDA,9,11,completed,system,2025-04-26
S2301,U1360,voice,KINYARWANDA,66,6,abandoned,repeated_errors,2025-02-05
S2302,U1340,voice,KINYARWANDA,140,10,transferred,,2025-02-02
S2303,U1257,voice,KINYARWANDA,47,9,abandoned,,2025-03-05
S2304,U1474,voice,KINYARWANDA,49,9,abandoned,repeated_errors,2025-01-26
S2305,U1248,voice,KINYARWANDA,99,10,completed,repeated_errors,2025-02-17
S2306,U1456,voice,KINYARWANDA,155,3,completed,,2025-02-09
S2307,U1448,voice,KINYARWANDA,53,7,completed,,2025-01-17
S2308,U1330,voice,KINYARWANDA,119,4,completed,,2025-02-09
S2309,U1322,voice,KINYARWANDA,17,4,completed,user_request,2025-01-07
S2310,U1179,voice,KINYARWANDA,70,3,abandoned,,2025-02-26
S2311,U1189,voice,KINYARWANDA,230,7,completed,,2025-01-08
S2312,U1406,voice,KINYARWANDA,12,4,abandoned,user_request,2025-04-27
S2313,U1153,voice,KINYARWANDA,142,6,completed,system,2025-02-25
S2314,U1195,voice,KINYARWANDA,160,5,completed,system,2025-01-31
S2315,U1465,voice,KINYARWANDA,138,5,abandoned,,2025-02-28
S2316,U1310,voice,KINYARWANDA,46,4,completed,,2025-02-27
S2317,U1261,voice,KINYARWANDA,143,8,transferred,,2025-01-12
S2318,U1418,voice,KINYARWANDA,298,4,abandoned,,2025-02-17
S2319,U1405,voice,KINYARWANDA,86,10,completed,system,2025-01-31
S2320,U1426,voice,KINYARWANDA,114,10,transferred,,2025-04-18
S2321,U1142,voice,KINYARWANDA,77,14,completed,,2025-03-24
S2322,U1341,voice,KINYARWANDA,212,7,completed,,2025-03-04
S2323,U1315,voice,KINYARWANDA,108,12,abandoned,,2025-03-15
S2324,U1100,voice,KINYARWANDA,197,9,completed,user_request,2025-02-08
S2325,U1243,voice,KINYARWANDA,169,6,abandoned,,2025-03-17
S2326,U1489,voice,KINYARWANDA,19,3,abandoned,,2025-01-20
S2327,U1011,voice,KINYARWANDA,25,13,transferred,,2025-04-11
S2328,U1238,voice,KINYARWANDA,43,4,completed,,2025-02-17
S2329,U1048,voice,KINYARWANDA,57,12,completed,,2025-04-15
S2330,U1041,voice,KINYARWANDA,226,12,abandoned,repeated_errors,2025-03-12
S2331,U1165,voice,KINYARWANDA,60,6,completed,repeated_errors,2025-04-26
S2332,U1081,voice,KINYARWANDA,96,3,completed,repeated_errors,2025-02-23
S2333,U1428,voice,KINYARWANDA,193,10,completed,system,2025-03-19
S2334,U1290,voice,KINYARWANDA,7,11,completed,system,2025-03-16
S2335,U1157,voice,KINYARWANDA,87,6,completed,system,2025-03-12
S2336,U1215,voice,KINYARWANDA,63,12,transferred,,2025-01-29
S2337,U1489,voice,KINYARWANDA,198,5,transferred,,2025-03-15
S2338,U1157,voice,KINYARWANDA,87,4,completed,,2025-04-03
S2339,U1461,voice,KINYARWANDA,212,7,completed,user_request,2025-03-14
S2340,U1133,voice,KINYARWANDA,44,5,completed,system,2025-04-10
S2341,U1066,voice,KINYARWANDA,153,12,transferred,user_request,2025-02-17
S2342,U1335,voice,KINYARWANDA,251,9,completed,,2025-03-15
S2343,U1006,voice,KINYARWANDA,47,13,abandoned,system,2025-03-24
S2344,U1435,voice,KINYARWANDA,44,8,completed,,2025-02-25
S2345,U1013,voice,KINYARWANDA,165,3,abandoned,,2025-04-05
S2346,U1072,voice,KINYARWANDA,52,14,completed,,2025-01-17
S2347,U1398,voice,KINYARWANDA,29,10,abandoned,,2025-01-09
S2348,U1404,voice,KINYARWANDA,15,4,completed,,2025-04-19
S2349,U1162,voice,KINYARWANDA,110,7,abandoned,,2025-04-07
S2350,U1065,voice,KINYARWANDA,16,11,completed,,2025-02-03
S2351,U1346,voice,KINYARWANDA,78,10,abandoned,repeated_errors,2025-02-14
S2352,U1129,voice,KINYARWANDA,113,4,transferred,user_request,2025-03-29
S2353,U1418,voice,KINYARWANDA,38,11,completed,repeated_errors,2025-01-09
S2354,U1465,voice,KINYARWANDA,32,7,transferred,,2025-01-07
S2355,U1205,voice,KINYARWANDA,86,12,abandoned,user_request,2025-01-16
S2356,U1275,voice,KINYARWANDA,80,8,completed,system,2025-01-19
S2357,U1465,voice,KINYARWANDA,118,5,completed,,2025-04-13
S2358,U1255,voice,KINYARWANDA,84,5,completed,,2025-01-06
S2359,U1265,voice,KINYARWANDA,94,12,abandoned,,2025-04-24
S2360,U1024,voice,KINYARWANDA,158,10,abandoned,,2025-04-25
S2361,U1449,voice,KINYARWANDA,36,13,completed,repeated_errors,2025-01-11
S2362,U1280,voice,KINYARWANDA,168,12,completed,user_request,2025-03-17
S2363,U1252,voice,KINYARWANDA,216,12,abandoned,,2025-03-02
S2364,U1309,voice,KINYARWANDA,86,14,transferred,user_request,2025-02-11
S2365,U1288,voice,KINYARWANDA,11,4,completed,user_request,2025-01-13
S2366,U1163,voice,KINYARWANDA,72,13,transferred,system,2025-01-12
S2367,U1094,voice,KINYARWANDA,125,14,completed,,2025-03-26
S2368,U1269,voice,KINYARWANDA,104,14,completed,system,2025-03-15
S2369,U1320,voice,KINYARWANDA,540,4,abandoned,,2025-01-20
S2370,U1109,voice,KINYARWANDA,6,7,completed,repeated_errors,2025-02-19
S2371,U1335,voice,KINYARWANDA,245,8,completed,,2025-02-05
S2372,U1309,voice,KINYARWANDA,136,14,completed,,2025-04-02
S2373,U1237,voice,KINYARWANDA,78,4,abandoned,repeated_errors,2025-03-29
S2374,U1380,voice,KINYARWANDA,23,7,abandoned,,2025-03-10
S2375,U1435,voice,KINYARWANDA,201,9,completed,,2025-02-06
S2376,U1386,voice,KINYARWANDA,84,12,completed,,2025-01-12
S2377,U1482,voice,KINYARWANDA,67,12,completed,repeated_errors,2025-04-09
S2378,U1424,voice,KINYARWANDA,102,10,abandoned,,2025-02-09
S2379,U1389,voice,KINYARWANDA,108,14,completed,user_request,2025-02-23
S2380,U1024,voice,KINYARWANDA,31,9,abandoned,,2025-01-02
S2381,U1140,voice,KINYARWANDA,69,10,completed,,2025-02-19
S2382,U1116,voice,KINYARWANDA,200,14,completed,,2025-02-10
S2383,U1481,voice,KINYARWANDA,86,11,completed,,2025-02-14
S2384,U1391,voice,KINYARWANDA,56,7,completed,,2025-04-13
S2385,U1404,voice,KINYARWANDA,82,7,transferred,,2025-04-16
S2386,U1481,voice,KINYARWANDA,113,13,completed,system,2025-01-09
S2387,U1451,voice,KINYARWANDA,96,12,completed,repeated_errors,2025-03-03
S2388,U1024,voice,KINYARWANDA,121,6,completed,,2025-03-27
S2389,U1078,voice,KINYARWANDA,74,11,completed,,2025-02-16
S2390,U1067,voice,KINYARWANDA,97,7,completed,user_request,2025-01-05
S2391,U1172,voice,KINYARWANDA,80,4,completed,,2025-03-17
S2392,U1443,voice,KINYARWANDA,133,12,completed,,2025-01-01
S2393,U1011,voice,KINYARWANDA,103,10,abandoned,user_request,2025-02-13
S2394,U1287,voice,KINYARWANDA,27,9,completed,repeated_errors,2025-01-22
S2395,U1127,voice,KINYARWANDA,131,10,completed,repeated_errors,2025-02-07
S2396,U1095,voice,KINYARWANDA,133,14,transferred,,2025-04-25
S2397,U1091,voice,KINYARWANDA,435,5,completed,,2025-01-19
S2398,U1140,voice,KINYARWANDA,326,6,completed,repeated_errors,2025-03-21
S2399,U1030,voice,KINYARWANDA,142,7,completed,,2025-01-31
S2400,U1333,voice,KINYARWANDA,91,8,completed,,2025-04-25
S2401,U1019,voice,KINYARWANDA,53,3,abandoned,,2025-03-08
S2402,U1145,voice,KINYARWANDA,109,6,completed,,2025-03-28
S2403,U1476,voice,KINYARWANDA,46,13,abandoned,system,2025-02-11
S2404,U1315,voice,KINYARWANDA,200,14,completed,user_request,2025-03-23
S2405,U1446,voice,KINYARWANDA,11,12,completed,repeated_errors,2025-01-26
S2406,U1389,voice,KINYARWANDA,173,7,abandoned,,2025-01-13
S2407,U1159,voice,KINYARWANDA,450,9,completed,,2025-02-27
S2408,U1348,voice,KINYARWANDA,377,7,abandoned,,2025-01-18
S2409,U1042,voice,KINYARWANDA,41,3,completed,,2025-03-08
S2410,U1253,voice,KINYARWANDA,24,13,abandoned,system,2025-03-28
S2411,U1129,voice,KINYARWANDA,256,9,completed,,2025-01-03
S2412,U1059,voice,KINYARWANDA,156,10,transferred,,2025-02-24
S2413,U1150,voice,KINYARWANDA,87,9,completed,,2025-03-30
S2414,U1466,voice,KINYARWANDA,167,13,transferred,repeated_errors,2025-04-01
S2415,U1286,voice,KINYARWANDA,45,6,completed,,2025-02-27
S2416,U1498,voice,KINYARWANDA,158,10,abandoned,,2025-04-18
S2417,U1004,voice,KINYARWANDA,36,7,completed,,2025-03-04
S2418,U1466,voice,KINYARWANDA,167,12,transferred,user_request,2025-04-01
S2419,U1417,voice,KINYARWANDA,77,11,completed,,2025-02-21
S2420,U1265,voice,KINYARWANDA,121,14,completed,system,2025-04-13
S2421,U1344,voice,KINYARWANDA,124,14,completed,user_request,2025-03-30
S2422,U1129,voice,KINYARWANDA,342,12,completed,,2025-01-24
S2423,U1381,voice,KINYARWANDA,147,7,completed,user_request,2025-03-13
S2424,U1266,voice,KINYARWANDA,206,3,transferred,,2025-01-09
S2425,U1177,voice,KINYARWANDA,145,14,transferred,system,2025-04-20
S2426,U1252,voice,KINYARWANDA,94,11,completed,,2025-02-06
S2427,U1414,voice,KINYARWANDA,82,14,transferred,,2025-04-04
S2428,U1055,voice,KINYARWANDA,82,7,completed,,2025-04-27
S2429,U1462,voice,KINYARWANDA,164,8,completed,,2025-03-24
S2430,U1456,voice,KINYARWANDA,281,6,abandoned,system,2025-02-22
S2431,U1470,voice,KINYARWANDA,287,8,abandoned,,2025-03-21
S2432,U1082,voice,KINYARWANDA,80,14,transferred,repeated_errors,2025-01-24
S2433,U1392,voice,KINYARWANDA,186,10,completed,,2025-04-18
S2434,U1098,voice,KINYARWANDA,67,5,abandoned,system,2025-01-21
S2435,U1148,voice,KINYARWANDA,241,7,completed,,2025-04-10
S2436,U1328,voice,KINYARWANDA,72,4,completed,,2025-02-09
S2437,U1155,voice,KINYARWANDA,262,4,completed,,2025-04-13
S2438,U1189,voice,KINYARWANDA,181,9,transferred,repeated_errors,2025-04-21
S2439,U1493,voice,KINYARWANDA,72,12,abandoned,,2025-03-03
S2440,U1370,voice,KINYARWANDA,199,12,abandoned,,2025-03-11
S2441,U1262,voice,KINYARWANDA,82,13,completed,,2025-03-10
S2442,U1079,voice,KINYARWANDA,624,12,completed,repeated_errors,2025-01-14
S2443,U1399,voice,KINYARWANDA,95,8,completed,,2025-04-27
S2444,U1251,voice,KINYARWANDA,100,6,completed,repeated_errors,2025-04-19
S2445,U1096,voice,KINYARWANDA,133,7,completed,,2025-02-11
S2446,U1259,voice,KINYARWANDA,28,3,abandoned,user_request,2025-02-19
S2447,U1259,voice,KINYARWANDA,196,9,completed,system,2025-03-02
S2448,U1102,voice,KINYARWANDA,40,10,completed,,2025-01-04
S2449,U1039,voice,KINYARWANDA,265,11,completed,,2025-03-13
S2450,U1272,voice,KINYARWANDA,106,10,completed,,2025-03-29
S2451,U1100,voice,KINYARWANDA,176,7,completed,,2025-03-16
S2452,U1358,voice,KINYARWANDA,148,5,transferred,,2025-01-17
S2453,U1379,voice,KINYARWANDA,325,12,abandoned,repeated_errors,2025-04-24
S2454,U1307,voice,KINYARWANDA,11,13,abandoned,,2025-03-26
S2455,U1220,voice,KINYARWANDA,66,11,completed,system,2025-02-26
S2456,U1307,voice,KINYARWANDA,150,8,completed,,2025-03-31
S2457,U1419,voice,KINYARWANDA,26,7,completed,repeated_errors,2025-04-17
S2458,U1123,voice,KINYARWANDA,259,5,transferred,,2025-02-17
S2459,U1421,voice,KINYARWANDA,157,8,abandoned,,2025-02-13
S2460,U1230,voice,KINYARWANDA,79,5,completed,,2025-02-14
S2461,U1177,voice,KINYARWANDA,125,12,completed,,2025-04-01
S2462,U1062,voice,KINYARWANDA,65,14,completed,,2025-03-21
S2463,U1484,voice,KINYARWANDA,10,8,abandoned,repeated_errors,2025-04-29
S2464,U1115,voice,KINYARWANDA,74,6,transferred,system,2025-03-31
S2465,U1190,voice,KINYARWANDA,14,4,abandoned,,2025-04-27
S2466,U1061,voice,KINYARWANDA,83,10,completed,,2025-02-02
S2467,U1255,voice,KINYARWANDA,107,6,completed,,2025-01-31
S2468,U1482,voice,KINYARWANDA,214,11,completed,,2025-04-22
S2469,U1006,voice,KINYARWANDA,10,9,completed,,2025-02-16
S2470,U1154,voice,KINYARWANDA,149,14,completed,user_request,2025-01-06
S2471,U1091,voice,KINYARWANDA,214,4,abandoned,system,2025-04-18
S2472,U1469,voice,KINYARWANDA,319,6,abandoned,system,2025-03-13
S2473,U1013,voice,KINYARWANDA,45,7,completed,,2025-03-12
S2474,U1454,voice,KINYARWANDA,65,5,abandoned,user_request,2025-02-03
S2475,U1228,voice,KINYARWANDA,224,11,completed,repeated_errors,2025-04-18
S2476,U1085,voice,KINYARWANDA,50,7,completed,,2025-02-22
S2477,U1132,voice,KINYARWANDA,266,4,completed,,2025-01-14
S2478,U1182,voice,KINYARWANDA,65,13,completed,user_request,2025-01-16
S2479,U1385,voice,KINYARWANDA,265,5,completed,,2025-02-12
S2480,U1061,voice,KINYARWANDA,65,11,completed,,2025-04-26
S2481,U1218,voice,KINYARWANDA,392,9,completed,,2025-03-14
S2482,U1404,voice,KINYARWANDA,250,4,transferred,repeated_errors,2025-03-15
S2483,U1245,voice,KINYARWANDA,96,11,completed,,2025-03-22
S2484,U1229,voice,KINYARWANDA,336,6,completed,system,2025-01-12
S2485,U1078,voice,KINYARWANDA,100,11,completed,repeated_errors,2025-03-11
S2486,U1148,voice,KINYARWANDA,134,4,abandoned,repeated_errors,2025-01-19
S2487,U1137,voice,KINYARWANDA,210,14,completed,,2025-04-17
S2488,U1470,voice,KINYARWANDA,166,12,abandoned,repeated_errors,2025-02-10
S2489,U1313,voice,KINYARWANDA,202,14,completed,,2025-02-22
S2490,U1375,voice,KINYARWANDA,126,6,completed,,2025-01-29
S2491,U1422,voice,KINYARWANDA,81,7,abandoned,,2025-03-11
S2492,U1388,voice,KINYARWANDA,130,4,completed,,2025-02-28
S2493,U1064,voice,KINYARWANDA,188,12,completed,repeated_errors,2025-03-30
S2494,U1012,voice,KINYARWANDA,208,3,completed,,2025-03-05
S2495,U1212,voice,KINYARWANDA,80,9,abandoned,,2025-01-24
S2496,U1473,voice,KINYARWANDA,128,12,completed,,2025-03-30
S2497,U1241,voice,KINYARWANDA,204,3,completed,system,2025-01-16
S2498,U1492,voice,KINYARWANDA,589,13,transferred,repeated_errors,2025-02-21
S2499,U1212,voice,KINYARWANDA,76,13,completed,repeated_errors,2025-03-21
S2500,U1180,voice,KINYARWANDA,99,10,abandoned,,2025-01-06
S2501,U1337,voice,KINYARWANDA,28,5,abandoned,,2025-02-06
S2502,U1484,voice,KINYARWANDA,93,12,completed,system,2025-03-26
S2503,U1172,voice,KINYARWANDA,130,8,completed,,2025-01-04
S2504,U1159,voice,KINYARWANDA,102,9,completed,,2025-04-08
S2505,U1163,voice,KINYARWANDA,52,12,abandoned,repeated_errors,2025-04-02
S2506,U1464,voice,KINYARWANDA,92,3,abandoned,,2025-02-07
S2507,U1482,voice,KINYARWANDA,45,8,abandoned,user_request,2025-02-10
S2508,U1496,voice,KINYARWANDA,260,9,transferred,,2025-04-02
S2509,U1187,voice,KINYARWANDA,152,8,abandoned,,2025-03-22
S2510,U1394,voice,KINYARWANDA,85,6,completed,,2025-01-14
S2511,U1190,voice,KINYARWANDA,72,3,completed,,2025-03-12
S2512,U1404,voice,KINYARWANDA,205,13,abandoned,user_request,2025-03-27
S2513,U1307,voice,KINYARWANDA,18,11,completed,repeated_errors,2025-02-20
S2514,U1255,voice,KINYARWANDA,317,6,completed,,2025-03-06
S2515,U1182,voice,KINYARWANDA,243,9,abandoned,,2025-04-03
S2516,U1116,voice,KINYARWANDA,35,9,completed,repeated_errors,2025-02-21
S2517,U1281,voice,KINYARWANDA,161,4,transferred,repeated_errors,2025-04-05
S2518,U1195,voice,KINYARWANDA,44,3,abandoned,,2025-01-30
S2519,U1033,voice,KINYARWANDA,34,10,completed,,2025-02-26
S2520,U1051,voice,KINYARWANDA,19,10,transferred,,2025-03-20
S2521,U1111,voice,KINYARWANDA,30,9,completed,repeated_errors,2025-03-23
S2522,U1251,voice,KINYARWANDA,346,10,completed,system,2025-04-09
S2523,U1081,voice,KINYARWANDA,280,5,completed,,2025-04-24
S2524,U1231,voice,KINYARWANDA,121,13,completed,repeated_errors,2025-01-30
S2525,U1226,voice,KINYARWANDA,49,4,completed,,2025-04-08
S2526,U1232,voice,KINYARWANDA,267,9,completed,,2025-02-11
S2527,U1220,voice,KINYARWANDA,203,10,completed,,2025-01-11
S2528,U1435,voice,KINYARWANDA,123,3,completed,user_request,2025-01-27
S2529,U1412,voice,KINYARWANDA,132,14,abandoned,,2025-01-24
S2530,U1421,voice,KINYARWANDA,283,12,abandoned,,2025-04-09
S2531,U1041,voice,KINYARWANDA,10,11,completed,,2025-02-08
S2532,U1020,voice,KINYARWANDA,286,13,completed,,2025-03-13
S2533,U1041,voice,KINYARWANDA,428,6,completed,,2025-04-25
S2534,U1396,voice,KINYARWANDA,112,14,completed,repeated_errors,2025-01-18
S2535,U1112,voice,KINYARWANDA,22,6,abandoned,,2025-03-18
S2536,U1104,voice,KINYARWANDA,186,5,abandoned,repeated_errors,2025-02-14
S2537,U1191,voice,KINYARWANDA,29,8,completed,,2025-03-29
S2538,U1016,voice,KINYARWANDA,155,3,completed,,2025-04-25
S2539,U1119,voice,KINYARWANDA,146,8,completed,,2025-03-28
S2540,U1392,voice,KINYARWANDA,160,4,abandoned,,2025-01-12
S2541,U1424,voice,KINYARWANDA,164,11,completed,,2025-02-18
S2542,U1128,voice,KINYARWANDA,86,4,transferred,,2025-04-04
S2543,U1129,voice,KINYARWANDA,23,9,abandoned,repeated_errors,2025-01-31
S2544,U1059,voice,KINYARWANDA,196,14,completed,repeated_errors,2025-04-02
S2545,U1047,voice,KINYARWANDA,130,3,abandoned,,2025-01-22
S2546,U1028,voice,KINYARWANDA,105,14,transferred,,2025-02-13
S2547,U1096,voice,KINYARWANDA,25,9,abandoned,,2025-04-02
S2548,U1009,voice,KINYARWANDA,56,7,completed,,2025-03-05
S2549,U1241,voice,KINYARWANDA,122,10,completed,,2025-03-18
S2550,U1313,voice,KINYARWANDA,435,6,abandoned,user_request,2025-01-25
S2551,U1443,voice,KINYARWANDA,33,14,abandoned,,2025-04-18
S2552,U1231,voice,KINYARWANDA,78,12,abandoned,,2025-02-20
S2553,U1276,voice,KINYARWANDA,211,9,transferred,,2025-04-20
S2554,U1283,voice,KINYARWANDA,39,8,transferred,,2025-01-07
S2555,U1202,voice,KINYARWANDA,213,7,transferred,repeated_errors,2025-04-19
S2556,U1246,voice,KINYARWANDA,16,6,completed,,2025-01-06
S2557,U1289,voice,KINYARWANDA,22,9,completed,,2025-01-24
S2558,U1263,voice,KINYARWANDA,244,14,abandoned,repeated_errors,2025-01-19
S2559,U1442,voice,KINYARWANDA,175,7,abandoned,,2025-03-24
S2560,U1213,voice,KINYARWANDA,290,7,abandoned,repeated_errors,2025-04-10
S2561,U1199,voice,KINYARWANDA,326,3,completed,repeated_errors,2025-04-25
S2562,U1432,voice,KINYARWANDA,250,4,abandoned,,2025-01-09
S2563,U1078,voice,KINYARWANDA,22,7,abandoned,repeated_errors,2025-04-22
S2564,U1400,voice,KINYARWANDA,78,5,completed,,2025-02-05
S2565,U1443,voice,KINYARWANDA,100,4,completed,,2025-04-12
S2566,U1342,voice,KINYARWANDA,166,6,completed,,2025-02-09
S2567,U1343,voice,KINYARWANDA,191,6,completed,,2025-04-03
S2568,U1172,voice,KINYARWANDA,74,6,completed,repeated_errors,2025-01-24
S2569,U1466,voice,KINYARWANDA,64,6,completed,user_request,2025-02-17
S2570,U1068,voice,KINYARWANDA,112,5,completed,system,2025-03-04
S2571,U1415,voice,KINYARWANDA,107,14,abandoned,repeated_errors,2025-03-10
S2572,U1427,voice,KINYARWANDA,52,9,abandoned,,2025-02-22
S2573,U1448,voice,KINYARWANDA,28,11,abandoned,,2025-02-23
S2574,U1086,voice,KINYARWANDA,72,14,completed,,2025-02-11
S2575,U1100,voice,KINYARWANDA,157,7,completed,,2025-04-29
S2576,U1007,voice,KINYARWANDA,94,6,transferred,,2025-02-14
S2577,U1332,voice,KINYARWANDA,11,13,completed,system,2025-03-31
S2578,U1199,voice,KINYARWANDA,137,4,transferred,,2025-01-14
S2579,U1086,voice,KINYARWANDA,110,4,abandoned,,2025-04-13
S2580,U1042,voice,KINYARWANDA,138,7,completed,,2025-01-29
S2581,U1384,voice,KINYARWANDA,204,9,transferred,user_request,2025-04-26
S2582,U1108,voice,KINYARWANDA,115,12,completed,repeated_errors,2025-01-06
S2583,U1434,voice,KINYARWANDA,48,12,completed,repeated_errors,2025-01-07
S2584,U1407,voice,KINYARWANDA,113,11,abandoned,,2025-02-06
S2585,U1482,voice,KINYARWANDA,91,9,completed,user_request,2025-02-22
S2586,U1151,voice,KINYARWANDA,179,7,transferred,,2025-01-18
S2587,U1016,voice,KINYARWANDA,40,12,completed,user_request,2025-03-28
S2588,U1132,voice,KINYARWANDA,265,12,completed,,2025-04-18
S2589,U1147,voice,KINYARWANDA,81,12,abandoned,,2025-02-07
S2590,U1276,voice,KINYARWANDA,77,8,abandoned,,2025-02-28
S2591,U1231,voice,KINYARWANDA,286,13,completed,repeated_errors,2025-01-01
S2592,U1313,voice,KINYARWANDA,253,14,completed,,2025-03-09
S2593,U1414,voice,KINYARWANDA,75,5,abandoned,user_request,2025-04-25
S2594,U1365,voice,KINYARWANDA,46,7,completed,,2025-02-13
S2595,U1227,voice,KINYARWANDA,167,10,abandoned,,2025-02-16
S2596,U1138,voice,KINYARWANDA,126,3,abandoned,,2025-02-04
S2597,U1435,voice,KINYARWANDA,72,14,abandoned,,2025-03-28
S2598,U1398,voice,KINYARWANDA,247,3,abandoned,,2025-04-01
S2599,U1210,voice,KINYARWANDA,91,9,completed,,2025-03-01
S2600,U1390,voice,KINYARWANDA,51,7,abandoned,repeated_errors,2025-03-31
S2601,U1498,voice,KINYARWANDA,148,7,transferred,,2025-02-21
S2602,U1027,voice,KINYARWANDA,32,3,completed,system,2025-01-08
S2603,U1050,voice,KINYARWANDA,69,11,transferred,repeated_errors,2025-04-17
S2604,U1490,voice,KINYARWANDA,210,3,completed,user_request,2025-03-21
S2605,U1441,voice,KINYARWANDA,116,7,completed,,2025-02-10
S2606,U1260,voice,KINYARWANDA,123,12,completed,,2025-01-03
S2607,U1260,voice,KINYARWANDA,66,11,transferred,,2025-04-06
S2608,U1349,voice,KINYARWANDA,79,6,completed,repeated_errors,2025-03-10
S2609,U1351,voice,KINYARWANDA,37,10,transferred,user_request,2025-03-25
S2610,U1007,voice,KINYARWANDA,130,8,transferred,,2025-01-14
S2611,U1319,voice,KINYARWANDA,37,13,completed,,2025-04-06
S2612,U1137,voice,KINYARWANDA,35,5,completed,user_request,2025-01-26
S2613,U1037,voice,KINYARWANDA,88,6,abandoned,,2025-04-21
S2614,U1110,voice,KINYARWANDA,203,4,completed,repeated_errors,2025-03-11
S2615,U1479,voice,KINYARWANDA,40,3,abandoned,,2025-02-27
S2616,U1367,voice,KINYARWANDA,197,10,completed,user_request,2025-04-10
S2617,U1219,voice,KINYARWANDA,157,3,completed,,2025-02-09
S2618,U1336,voice,KINYARWANDA,10,13,abandoned,,2025-02-20
S2619,U1222,voice,KINYARWANDA,114,3,completed,repeated_errors,2025-01-05
S2620,U1135,voice,KINYARWANDA,39,6,completed,system,2025-03-18
S2621,U1255,voice,KINYARWANDA,101,12,completed,,2025-02-01
S2622,U1359,voice,KINYARWANDA,75,14,completed,,2025-03-21
S2623,U1408,voice,KINYARWANDA,321,12,completed,repeated_errors,2025-01-01
S2624,U1328,voice,KINYARWANDA,152,8,abandoned,system,2025-03-18
S2625,U1449,voice,KINYARWANDA,78,11,completed,user_request,2025-02-23
S2626,U1462,voice,KINYARWANDA,119,3,completed,system,2025-01-11
S2627,U1433,voice,KINYARWANDA,190,9,abandoned,,2025-02-22
S2628,U1450,voice,KINYARWANDA,102,12,completed,,2025-01-08
S2629,U1048,voice,KINYARWANDA,302,13,completed,repeated_errors,2025-01-25
S2630,U1291,voice,KINYARWANDA,105,7,transferred,user_request,2025-02-09
S2631,U1381,voice,KINYARWANDA,133,14,abandoned,,2025-02-01
S2632,U1323,voice,KINYARWANDA,93,10,abandoned,,2025-03-29
S2633,U1077,voice,KINYARWANDA,56,9,abandoned,user_request,2025-01-28
S2634,U1104,voice,KINYARWANDA,72,6,completed,,2025-03-19
S2635,U1168,voice,KINYARWANDA,97,6,abandoned,,2025-04-19
S2636,U1216,voice,KINYARWANDA,221,8,completed,,2025-01-03
S2637,U1377,voice,KINYARWANDA,249,8,completed,repeated_errors,2025-04-10
S2638,U1118,voice,KINYARWANDA,326,11,completed,repeated_errors,2025-04-01
S2639,U1189,voice,KINYARWANDA,55,14,completed,,2025-03-25
S2640,U1254,voice,KINYARWANDA,175,7,completed,repeated_errors,2025-04-21
S2641,U1369,voice,KINYARWANDA,229,10,transferred,repeated_errors,2025-03-20
S2642,U1265,voice,KINYARWANDA,46,7,completed,,2025-03-03
S2643,U1148,voice,KINYARWANDA,110,4,completed,repeated_errors,2025-01-27
S2644,U1163,voice,KINYARWANDA,18,8,completed,,2025-04-27
S2645,U1139,voice,KINYARWANDA,161,11,completed,,2025-02-14
S2646,U1346,voice,KINYARWANDA,247,5,abandoned,,2025-04-15
S2647,U1487,voice,KINYARWANDA,28,3,completed,,2025-04-02
S2648,U1257,voice,KINYARWANDA,59,3,completed,,2025-01-25
S2649,U1373,voice,KINYARWANDA,58,5,completed,user_request,2025-04-16
S2650,U1268,voice,KINYARWANDA,43,12,abandoned,repeated_errors,2025-03-02
S2651,U1180,voice,KINYARWANDA,111,7,completed,user_request,2025-02-13
S2652,U1159,voice,KINYARWANDA,151,5,completed,,2025-04-20
S2653,U1350,voice,KINYARWANDA,169,11,completed,,2025-04-07
S2654,U1399,voice,KINYARWANDA,199,10,completed,,2025-02-15
S2655,U1287,voice,KINYARWANDA,329,5,completed,,2025-01-14
S2656,U1287,voice,KINYARWANDA,109,11,abandoned,,2025-01-08
S2657,U1379,voice,KINYARWANDA,84,8,abandoned,repeated_errors,2025-02-17
S2658,U1225,voice,KINYARWANDA,323,9,abandoned,system,2025-01-14
S2659,U1010,voice,KINYARWANDA,110,6,completed,,2025-03-06
S2660,U1009,voice,KINYARWANDA,71,6,completed,,2025-03-21
S2661,U1270,voice,KINYARWANDA,272,14,completed,user_request,2025-03-23
S2662,U1272,voice,KINYARWANDA,86,4,transferred,,2025-01-07
S2663,U1423,voice,KINYARWANDA,167,7,abandoned,user_request,2025-03-20
S2664,U1401,voice,KINYARWANDA,68,10,abandoned,repeated_errors,2025-03-29
S2665,U1182,voice,KINYARWANDA,159,9,completed,system,2025-02-18
S2666,U1456,voice,KINYARWANDA,170,9,completed,,2025-04-25
S2667,U1152,voice,KINYARWANDA,271,8,completed,repeated_errors,2025-02-24
S2668,U1487,voice,KINYARWANDA,85,5,abandoned,,2025-01-13
S2669,U1314,voice,KINYARWANDA,118,7,transferred,repeated_errors,2025-03-14
S2670,U1333,voice,KINYARWANDA,142,3,transferred,,2025-02-25
S2671,U1123,voice,KINYARWANDA,107,9,completed,,2025-02-25
S2672,U1472,voice,KINYARWANDA,57,11,completed,,2025-01-15
S2673,U1113,voice,KINYARWANDA,215,3,transferred,,2025-02-26
S2674,U1277,voice,KINYARWANDA,114,4,abandoned,user_request,2025-02-27
S2675,U1499,voice,KINYARWANDA,24,5,completed,repeated_errors,2025-02-04
S2676,U1413,voice,KINYARWANDA,38,5,completed,repeated_errors,2025-03-29
S2677,U1467,voice,KINYARWANDA,82,10,completed,,2025-04-07
S2678,U1212,voice,KINYARWANDA,67,9,completed,repeated_errors,2025-01-16
S2679,U1171,voice,KINYARWANDA,31,8,completed,,2025-01-08
S2680,U1287,voice,KINYARWANDA,40,12,abandoned,user_request,2025-04-03
S2681,U1434,voice,KINYARWANDA,297,12,completed,system,2025-03-28
S2682,U1173,voice,KINYARWANDA,208,13,completed,,2025-02-14
S2683,U1112,voice,KINYARWANDA,249,6,completed,user_request,2025-04-05
S2684,U1375,voice,KINYARWANDA,291,11,abandoned,,2025-02-09
S2685,U1404,voice,KINYARWANDA,81,3,abandoned,,2025-04-23
S2686,U1482,voice,KINYARWANDA,159,13,completed,,2025-02-23
S2687,U1121,voice,KINYARWANDA,10,4,transferred,,2025-04-29
S2688,U1031,voice,KINYARWANDA,151,6,transferred,repeated_errors,2025-01-14
S2689,U1221,voice,KINYARWANDA,54,5,completed,,2025-02-28
S2690,U1118,voice,KINYARWANDA,69,3,completed,,2025-04-27
S2691,U1038,voice,KINYARWANDA,127,7,abandoned,repeated_errors,2025-04-04
S2692,U1496,voice,KINYARWANDA,102,9,abandoned,repeated_errors,2025-02-22
S2693,U1267,voice,KINYARWANDA,67,4,transferred,system,2025-04-13
S2694,U1232,voice,KINYARWANDA,70,7,transferred,repeated_errors,2025-01-27
S2695,U1430,voice,KINYARWANDA,46,8,abandoned,repeated_errors,2025-02-16
S2696,U1017,voice,KINYARWANDA,30,13,completed,,2025-03-21
S2697,U1148,voice,KINYARWANDA,28,9,completed,,2025-04-25
S2698,U1396,voice,KINYARWANDA,181,3,completed,,2025-01-06
S2699,U1148,voice,KINYARWANDA,85,9,completed,,2025-02-24
S2700,U1125,voice,KINYARWANDA,263,6,abandoned,repeated_errors,2025-04-07
S2701,U1391,voice,KINYARWANDA,167,10,abandoned,,2025-02-13
S2702,U1301,voice,KINYARWANDA,138,6,abandoned,repeated_errors,2025-01-18
S2703,U1359,voice,KINYARWANDA,38,8,completed,,2025-01-16
S2704,U1237,voice,KINYARWANDA,38,11,abandoned,,2025-01-12
S2705,U1134,voice,KINYARWANDA,111,7,completed,,2025-01-20
S2706,U1150,voice,KINYARWANDA,106,14,completed,user_request,2025-02-14
S2707,U1235,voice,KINYARWANDA,71,6,abandoned,repeated_errors,2025-03-05
S2708,U1223,voice,KINYARWANDA,135,10,abandoned,user_request,2025-04-14
S2709,U1202,voice,KINYARWANDA,126,11,transferred,,2025-02-28
S2710,U1255,voice,KINYARWANDA,110,6,completed,system,2025-04-03
S2711,U1085,voice,KINYARWANDA,218,5,completed,,2025-04-04
S2712,U1149,voice,KINYARWANDA,317,10,completed,,2025-03-31
S2713,U1234,voice,KINYARWANDA,103,7,completed,system,2025-01-22
S2714,U1344,voice,KINYARWANDA,81,4,transferred,,2025-04-07
S2715,U1021,voice,KINYARWANDA,330,12,abandoned,repeated_errors,2025-04-27
S2716,U1347,voice,KINYARWANDA,118,11,transferred,,2025-04-13
S2717,U1284,voice,KINYARWANDA,177,5,completed,repeated_errors,2025-02-16
S2718,U1268,voice,KINYARWANDA,54,14,transferred,system,2025-01-29
S2719,U1465,voice,KINYARWANDA,53,4,completed,,2025-03-27
S2720,U1257,voice,KINYARWANDA,81,3,transferred,repeated_errors,2025-02-14
S2721,U1028,voice,KINYARWANDA,115,10,completed,,2025-03-18
S2722,U1212,voice,KINYARWANDA,122,13,completed,repeated_errors,2025-01-09
S2723,U1462,voice,KINYARWANDA,74,5,completed,,2025-01-24
S2724,U1435,voice,KINYARWANDA,141,9,transferred,,2025-01-15
S2725,U1282,voice,KINYARWANDA,133,3,completed,,2025-02-05
S2726,U1049,voice,KINYARWANDA,280,3,completed,,2025-01-13
S2727,U1094,voice,KINYARWANDA,55,14,transferred,system,2025-04-01
S2728,U1462,voice,KINYARWANDA,170,11,completed,,2025-02-13
S2729,U1498,voice,KINYARWANDA,101,14,completed,,2025-04-11
S2730,U1406,voice,KINYARWANDA,67,10,completed,,2025-03-12
S2731,U1087,voice,KINYARWANDA,37,14,completed,,2025-03-13
S2732,U1043,voice,KINYARWANDA,118,5,transferred,repeated_errors,2025-04-11
S2733,U1460,voice,KINYARWANDA,81,8,abandoned,system,2025-04-15
S2734,U1277,voice,KINYARWANDA,111,13,completed,,2025-03-19
S2735,U1170,voice,KINYARWANDA,33,5,transferred,user_request,2025-03-17
S2736,U1420,voice,KINYARWANDA,116,14,completed,repeated_errors,2025-02-05
S2737,U1188,voice,KINYARWANDA,110,6,completed,,2025-04-26
S2738,U1352,voice,KINYARWANDA,179,3,completed,repeated_errors,2025-03-02
S2739,U1183,voice,KINYARWANDA,266,7,completed,,2025-04-14
S2740,U1002,voice,KINYARWANDA,137,3,completed,repeated_errors,2025-03-22
S2741,U1190,voice,KINYARWANDA,64,3,transferred,user_request,2025-02-09
S2742,U1117,voice,KINYARWANDA,118,12,abandoned,,2025-04-27
S2743,U1018,voice,KINYARWANDA,86,13,completed,system,2025-04-03
S2744,U1022,voice,KINYARWANDA,135,13,abandoned,user_request,2025-01-27
S2745,U1412,voice,KINYARWANDA,21,9,abandoned,,2025-01-01
S2746,U1029,voice,KINYARWANDA,210,14,transferred,repeated_errors,2025-04-26
S2747,U1294,voice,KINYARWANDA,53,8,transferred,,2025-02-03
S2748,U1107,voice,KINYARWANDA,51,4,completed,system,2025-03-09
S2749,U1366,voice,KINYARWANDA,106,13,abandoned,repeated_errors,2025-03-29
S2750,U1280,voice,KINYARWANDA,86,14,abandoned,,2025-01-21
S2751,U1127,voice,KINYARWANDA,135,4,abandoned,,2025-02-02
S2752,U1228,voice,KINYARWANDA,113,13,completed,repeated_errors,2025-01-07
S2753,U1110,voice,KINYARWANDA,188,9,completed,,2025-03-06
S2754,U1135,voice,KINYARWANDA,89,3,completed,,2025-04-15
S2755,U1361,voice,KINYARWANDA,116,4,completed,,2025-01-03
S2756,U1185,voice,KINYARWANDA,288,14,completed,,2025-04-18
S2757,U1143,voice,KINYARWANDA,54,10,abandoned,,2025-02-20
S2758,U1071,voice,KINYARWANDA,43,8,completed,,2025-03-20
S2759,U1128,voice,KINYARWANDA,107,4,abandoned,,2025-04-05
S2760,U1363,voice,KINYARWANDA,22,9,completed,repeated_errors,2025-02-23
S2761,U1260,voice,KINYARWANDA,46,6,transferred,,2025-03-21
S2762,U1002,voice,KINYARWANDA,36,4,completed,,2025-03-15
S2763,U1448,voice,KINYARWANDA,7,14,completed,,2025-04-28
S2764,U1387,voice,KINYARWANDA,56,8,abandoned,repeated_errors,2025-04-03
S2765,U1103,voice,KINYARWANDA,80,13,abandoned,,2025-02-28
S2766,U1482,voice,KINYARWANDA,60,11,transferred,,2025-01-06
S2767,U1223,voice,KINYARWANDA,34,13,completed,,2025-01-29
S2768,U1319,voice,KINYARWANDA,9,11,completed,user_request,2025-01-17
S2769,U1361,voice,KINYARWANDA,72,10,transferred,user_request,2025-04-27
S2770,U1353,voice,KINYARWANDA,80,5,completed,user_request,2025-03-01
S2771,U1490,voice,KINYARWANDA,21,5,abandoned,repeated_errors,2025-01-22
S2772,U1472,voice,KINYARWANDA,71,4,completed,repeated_errors,2025-01-24
S2773,U1009,voice,KINYARWANDA,89,7,completed,,2025-03-22
S2774,U1404,voice,KINYARWANDA,116,14,completed,repeated_errors,2025-03-26
S2775,U1383,voice,KINYARWANDA,147,6,completed,,2025-02-20
S2776,U1301,voice,KINYARWANDA,179,9,abandoned,repeated_errors,2025-02-19
S2777,U1230,voice,KINYARWANDA,53,6,transferred,user_request,2025-01-11
S2778,U1218,voice,KINYARWANDA,56,11,completed,,2025-02-25
S2779,U1410,voice,KINYARWANDA,37,14,abandoned,,2025-03-12
S2780,U1065,voice,KINYARWANDA,87,14,completed,,2025-02-11
S2781,U1424,voice,KINYARWANDA,82,4,completed,repeated_errors,2025-02-08
S2782,U1111,voice,KINYARWANDA,6,13,completed,repeated_errors,2025-03-10
S2783,U1012,voice,KINYARWANDA,27,8,transferred,user_request,2025-04-18
S2784,U1392,voice,KINYARWANDA,92,9,abandoned,,2025-02-17
S2785,U1499,voice,KINYARWANDA,115,6,abandoned,user_request,2025-02-26
S2786,U1419,voice,KINYARWANDA,38,8,abandoned,repeated_errors,2025-01-21
S2787,U1085,voice,KINYARWANDA,192,9,abandoned,user_request,2025-03-23
S2788,U1233,voice,KINYARWANDA,213,6,transferred,,2025-04-09
S2789,U1089,voice,KINYARWANDA,61,10,abandoned,,2025-01-20
S2790,U1313,voice,KINYARWANDA,83,11,transferred,repeated_errors,2025-01-15
S2791,U1053,voice,KINYARWANDA,91,3,completed,repeated_errors,2025-03-10
S2792,U1011,voice,KINYARWANDA,122,9,completed,system,2025-03-18
S2793,U1208,voice,KINYARWANDA,88,11,completed,,2025-02-20
S2794,U1461,voice,KINYARWANDA,98,14,completed,,2025-03-17
S2795,U1013,voice,KINYARWANDA,36,12,abandoned,system,2025-03-03
S2796,U1120,voice,KINYARWANDA,49,7,completed,,2025-04-29
S2797,U1417,voice,KINYARWANDA,90,14,abandoned,repeated_errors,2025-03-26
S2798,U1436,voice,KINYARWANDA,101,4,completed,,2025-02-06
S2799,U1376,voice,KINYARWANDA,276,12,completed,,2025-01-06
S2800,U1019,voice,KINYARWANDA,135,8,completed,user_request,2025-03-12
S2801,U1074,voice,KINYARWANDA,34,14,transferred,repeated_errors,2025-01-26
S2802,U1399,voice,KINYARWANDA,77,14,completed,,2025-04-16
S2803,U1242,voice,KINYARWANDA,73,9,completed,,2025-04-22
S2804,U1222,voice,KINYARWANDA,84,4,abandoned,user_request,2025-01-08
S2805,U1069,voice,KINYARWANDA,111,4,abandoned,,2025-03-14
S2806,U1311,voice,KINYARWANDA,65,12,completed,user_request,2025-04-01
S2807,U1210,voice,KINYARWANDA,226,14,completed,,2025-01-04
S2808,U1100,voice,KINYARWANDA,31,12,completed,repeated_errors,2025-01-21
S2809,U1185,voice,KINYARWANDA,90,3,transferred,system,2025-01-31
S2810,U1131,voice,KINYARWANDA,308,6,completed,repeated_errors,2025-01-21
S2811,U1110,voice,KINYARWANDA,57,9,completed,,2025-04-14
S2812,U1380,voice,KINYARWANDA,58,11,completed,repeated_errors,2025-01-25
S2813,U1131,voice,KINYARWANDA,295,5,completed,,2025-04-13
S2814,U1019,voice,KINYARWANDA,128,14,abandoned,,2025-01-15
S2815,U1393,voice,KINYARWANDA,94,13,completed,system,2025-04-27
S2816,U1023,voice,KINYARWANDA,93,9,completed,user_request,2025-02-04
S2817,U1226,voice,KINYARWANDA,209,9,completed,repeated_errors,2025-02-18
S2818,U1153,voice,KINYARWANDA,61,9,completed,,2025-02-12
S2819,U1292,voice,KINYARWANDA,29,4,completed,,2025-02-10
S2820,U1229,voice,KINYARWANDA,31,8,abandoned,,2025-02-06
S2821,U1468,voice,KINYARWANDA,125,4,abandoned,repeated_errors,2025-02-26
S2822,U1309,voice,KINYARWANDA,49,8,transferred,user_request,2025-02-11
S2823,U1487,voice,KINYARWANDA,111,12,transferred,,2025-02-16
S2824,U1358,voice,KINYARWANDA,35,5,abandoned,user_request,2025-04-02
S2825,U1404,voice,KINYARWANDA,140,4,completed,,2025-03-02
S2826,U1201,voice,KINYARWANDA,363,14,abandoned,,2025-01-14
S2827,U1037,voice,KINYARWANDA,120,8,abandoned,,2025-03-09
S2828,U1429,voice,KINYARWANDA,1,4,abandoned,,2025-02-22
S2829,U1259,voice,KINYARWANDA,230,7,completed,,2025-03-25
S2830,U1187,voice,KINYARWANDA,54,4,completed,system,2025-02-03
S2831,U1056,voice,KINYARWANDA,18,5,abandoned,,2025-03-17
S2832,U1428,voice,KINYARWANDA,10,5,abandoned,system,2025-04-07
S2833,U1019,voice,KINYARWANDA,390,8,transferred,,2025-01-24
S2834,U1272,voice,KINYARWANDA,100,8,completed,system,2025-01-20
S2835,U1118,voice,KINYARWANDA,57,12,completed,repeated_errors,2025-03-10
S2836,U1070,voice,KINYARWANDA,72,5,completed,system,2025-04-12
S2837,U1003,voice,KINYARWANDA,18,5,abandoned,,2025-01-30
S2838,U1220,voice,KINYARWANDA,112,14,completed,repeated_errors,2025-03-29
S2839,U1013,voice,KINYARWANDA,149,3,completed,system,2025-04-17
S2840,U1002,voice,KINYARWANDA,36,9,transferred,,2025-04-14
S2841,U1215,voice,KINYARWANDA,123,10,completed,,2025-01-07
S2842,U1228,voice,KINYARWANDA,444,4,abandoned,,2025-02-05
S2843,U1335,voice,KINYARWANDA,162,6,completed,system,2025-02-07
S2844,U1185,voice,KINYARWANDA,95,12,abandoned,,2025-03-21
S2845,U1054,voice,KINYARWANDA,30,9,abandoned,,2025-02-21
S2846,U1499,voice,KINYARWANDA,171,10,transferred,,2025-01-15
S2847,U1387,voice,KINYARWANDA,131,3,transferred,,2025-02-15
S2848,U1375,voice,KINYARWANDA,55,6,completed,user_request,2025-01-23
S2849,U1253,voice,KINYARWANDA,131,8,completed,,2025-01-12
S2850,U1023,voice,KINYARWANDA,31,5,completed,repeated_errors,2025-04-03
S2851,U1161,voice,KINYARWANDA,106,7,abandoned,system,2025-02-13
S2852,U1157,voice,KINYARWANDA,78,12,transferred,,2025-04-22
S2853,U1081,voice,KINYARWANDA,271,11,completed,repeated_errors,2025-01-15
S2854,U1402,voice,KINYARWANDA,92,13,abandoned,,2025-04-03
S2855,U1158,voice,KINYARWANDA,403,5,completed,repeated_errors,2025-04-19
S2856,U1187,voice,KINYARWANDA,90,7,abandoned,,2025-04-17
S2857,U1059,voice,KINYARWANDA,132,10,transferred,repeated_errors,2025-02-18
S2858,U1402,voice,KINYARWANDA,235,8,completed,,2025-01-21
S2859,U1304,voice,KINYARWANDA,166,6,completed,,2025-01-15
S2860,U1318,voice,KINYARWANDA,9,10,completed,repeated_errors,2025-01-14
S2861,U1365,voice,KINYARWANDA,132,13,abandoned,,2025-02-11
S2862,U1210,voice,KINYARWANDA,126,5,completed,repeated_errors,2025-04-18
S2863,U1405,voice,KINYARWANDA,20,5,completed,,2025-03-21
S2864,U1151,voice,KINYARWANDA,184,6,completed,repeated_errors,2025-01-15
S2865,U1108,voice,KINYARWANDA,21,11,completed,,2025-04-16
S2866,U1075,voice,KINYARWANDA,144,7,completed,repeated_errors,2025-03-04
S2867,U1029,voice,KINYARWANDA,83,10,abandoned,,2025-03-09
S2868,U1313,voice,KINYARWANDA,148,8,completed,,2025-01-27
S2869,U1485,voice,KINYARWANDA,106,5,abandoned,,2025-03-28
S2870,U1116,voice,KINYARWANDA,84,10,abandoned,repeated_errors,2025-04-03
S2871,U1414,voice,KINYARWANDA,93,14,completed,,2025-04-15
S2872,U1355,voice,KINYARWANDA,27,11,completed,user_request,2025-02-22
S2873,U1191,voice,KINYARWANDA,189,10,abandoned,user_request,2025-02-21
S2874,U1018,voice,KINYARWANDA,34,6,transferred,,2025-03-04
S2875,U1431,voice,KINYARWANDA,114,13,completed,repeated_errors,2025-03-14
S2876,U1172,voice,KINYARWANDA,109,8,completed,,2025-02-22
S2877,U1227,voice,KINYARWANDA,190,3,completed,,2025-02-26
S2878,U1349,voice,KINYARWANDA,63,6,abandoned,repeated_errors,2025-04-30
S2879,U1182,voice,KINYARWANDA,27,10,completed,repeated_errors,2025-02-21
S2880,U1112,voice,KINYARWANDA,95,3,completed,repeated_errors,2025-04-17
S2881,U1182,voice,KINYARWANDA,127,5,abandoned,,2025-02-12
S2882,U1480,voice,KINYARWANDA,93,3,abandoned,,2025-01-07
S2883,U1145,voice,KINYARWANDA,196,11,completed,,2025-04-27
S2884,U1318,voice,KINYARWANDA,90,4,completed,repeated_errors,2025-02-11
S2885,U1115,voice,KINYARWANDA,11,11,abandoned,,2025-01-04
S2886,U1112,voice,KINYARWANDA,41,6,completed,repeated_errors,2025-03-10
S2887,U1250,voice,KINYARWANDA,255,4,completed,,2025-01-05
S2888,U1475,voice,KINYARWANDA,115,6,transferred,,2025-03-16
S2889,U1250,voice,KINYARWANDA,41,14,completed,,2025-04-15
S2890,U1302,voice,KINYARWANDA,109,13,abandoned,,2025-04-02
S2891,U1458,voice,KINYARWANDA,87,13,transferred,,2025-03-21
S2892,U1312,voice,KINYARWANDA,93,12,completed,user_request,2025-02-10
S2893,U1117,voice,KINYARWANDA,12,8,completed,user_request,2025-04-28
S2894,U1300,voice,KINYARWANDA,123,13,abandoned,,2025-04-04
S2895,U1160,voice,KINYARWANDA,22,9,transferred,,2025-01-04
S2896,U1400,voice,KINYARWANDA,38,5,transferred,,2025-01-02
S2897,U1197,voice,KINYARWANDA,42,5,abandoned,user_request,2025-04-20
S2898,U1259,voice,KINYARWANDA,52,14,completed,,2025-03-08
S2899,U1147,voice,KINYARWANDA,96,12,abandoned,system,2025-04-24
S2900,U1239,voice,KINYARWANDA,103,14,completed,,2025-01-21
S2901,U1046,voice,KINYARWANDA,170,10,completed,,2025-03-11
S2902,U1474,voice,KINYARWANDA,296,7,completed,system,2025-02-12
S2903,U1398,voice,KINYARWANDA,210,6,completed,,2025-04-27
S2904,U1197,voice,KINYARWANDA,36,9,abandoned,repeated_errors,2025-03-23
S2905,U1046,voice,KINYARWANDA,110,9,completed,,2025-04-18
S2906,U1077,voice,KINYARWANDA,200,11,completed,,2025-03-10
S2907,U1123,voice,KINYARWANDA,169,11,completed,,2025-01-09
S2908,U1074,voice,KINYARWANDA,302,7,transferred,repeated_errors,2025-03-25
S2909,U1358,voice,KINYARWANDA,118,14,abandoned,repeated_errors,2025-01-28
S2910,U1136,voice,KINYARWANDA,65,10,completed,,2025-01-26
S2911,U1089,voice,KINYARWANDA,183,12,completed,system,2025-03-23
S2912,U1399,voice,KINYARWANDA,116,3,completed,,2025-03-24
S2913,U1324,voice,KINYARWANDA,143,11,transferred,,2025-01-03
S2914,U1499,voice,KINYARWANDA,257,10,abandoned,,2025-03-14
S2915,U1060,voice,KINYARWANDA,120,8,completed,,2025-04-10
S2916,U1137,voice,KINYARWANDA,207,5,abandoned,,2025-04-05
S2917,U1049,voice,KINYARWANDA,64,5,completed,system,2025-02-18
S2918,U1258,voice,KINYARWANDA,41,10,abandoned,,2025-01-17
S2919,U1460,voice,KINYARWANDA,99,7,completed,,2025-03-04
S2920,U1106,voice,KINYARWANDA,89,12,completed,,2025-02-24
S2921,U1112,voice,KINYARWANDA,206,13,completed,repeated_errors,2025-01-23
S2922,U1349,voice,KINYARWANDA,268,9,completed,user_request,2025-02-03
S2923,U1253,voice,KINYARWANDA,264,7,transferred,,2025-04-15
S2924,U1117,voice,KINYARWANDA,7,10,completed,,2025-04-15
S2925,U1492,voice,KINYARWANDA,33,12,transferred,,2025-03-10
S2926,U1197,voice,KINYARWANDA,64,12,abandoned,,2025-01-15
S2927,U1336,voice,KINYARWANDA,66,6,completed,,2025-02-16
S2928,U1364,voice,KINYARWANDA,48,4,completed,,2025-01-03
S2929,U1050,voice,KINYARWANDA,65,5,completed,,2025-03-24
S2930,U1244,voice,KINYARWANDA,267,10,abandoned,,2025-01-28
S2931,U1402,voice,KINYARWANDA,188,13,completed,,2025-01-03
S2932,U1425,voice,KINYARWANDA,51,9,completed,system,2025-04-12
S2933,U1034,voice,KINYARWANDA,81,4,completed,system,2025-01-04
S2934,U1301,voice,KINYARWANDA,122,8,abandoned,repeated_errors,2025-03-29
S2935,U1409,voice,KINYARWANDA,14,11,completed,,2025-01-31
S2936,U1498,voice,KINYARWANDA,80,6,completed,,2025-02-14
S2937,U1068,voice,KINYARWANDA,79,11,completed,,2025-02-28
S2938,U1348,voice,KINYARWANDA,76,4,completed,repeated_errors,2025-02-14
S2939,U1319,voice,KINYARWANDA,191,4,abandoned,,2025-03-16
S2940,U1420,voice,KINYARWANDA,76,11,completed,user_request,2025-02-06
S2941,U1467,voice,KINYARWANDA,11,14,abandoned,system,2025-03-06
S2942,U1048,voice,KINYARWANDA,202,9,abandoned,,2025-01-09
S2943,U1404,voice,KINYARWANDA,57,9,abandoned,repeated_errors,2025-01-17
S2944,U1073,voice,KINYARWANDA,42,3,abandoned,,2025-04-28
S2945,U1191,voice,KINYARWANDA,59,13,completed,,2025-03-06
S2946,U1260,voice,KINYARWANDA,273,8,completed,,2025-01-03
S2947,U1355,voice,KINYARWANDA,20,9,abandoned,,2025-04-21
S2948,U1069,voice,KINYARWANDA,134,13,completed,user_request,2025-01-26
S2949,U1089,voice,KINYARWANDA,66,8,abandoned,,2025-02-22
S2950,U1259,voice,KINYARWANDA,130,8,completed,,2025-01-31
S2951,U1125,voice,KINYARWANDA,23,4,transferred,repeated_errors,2025-01-26
S2952,U1230,voice,KINYARWANDA,83,8,abandoned,repeated_errors,2025-01-23
S2953,U1294,voice,KINYARWANDA,80,6,completed,,2025-01-30
S2954,U1497,voice,KINYARWANDA,80,11,completed,user_request,2025-01-10
S2955,U1418,voice,KINYARWANDA,27,14,abandoned,repeated_errors,2025-03-13
S2956,U1128,voice,KINYARWANDA,51,3,abandoned,,2025-04-18
S2957,U1279,voice,KINYARWANDA,100,10,completed,,2025-03-30
S2958,U1312,voice,KINYARWANDA,5,7,transferred,,2025-03-05
S2959,U1099,voice,KINYARWANDA,22,3,completed,user_request,2025-01-22
S2960,U1325,voice,KINYARWANDA,91,6,completed,repeated_errors,2025-01-15
S2961,U1296,voice,KINYARWANDA,109,3,transferred,user_request,2025-04-15
S2962,U1181,voice,KINYARWANDA,71,8,transferred,,2025-02-25
S2963,U1173,voice,KINYARWANDA,98,4,abandoned,,2025-03-15
S2964,U1315,voice,KINYARWANDA,55,7,transferred,,2025-01-20
S2965,U1363,voice,KINYARWANDA,188,9,completed,,2025-04-15
S2966,U1187,voice,KINYARWANDA,257,4,transferred,repeated_errors,2025-02-16
S2967,U1056,voice,KINYARWANDA,24,8,completed,user_request,2025-03-28
S2968,U1030,voice,KINYARWANDA,47,8,completed,,2025-02-22
S2969,U1083,voice,KINYARWANDA,177,7,completed,,2025-02-22
S2970,U1151,voice,KINYARWANDA,75,7,completed,,2025-01-01
S2971,U1472,voice,KINYARWANDA,151,5,completed,,2025-01-02
S2972,U1035,voice,KINYARWANDA,500,12,completed,,2025-02-27
S2973,U1212,voice,KINYARWANDA,65,12,completed,,2025-01-19
S2974,U1413,voice,KINYARWANDA,77,13,completed,,2025-03-03
S2975,U1407,voice,KINYARWANDA,3,14,abandoned,,2025-03-19
S2976,U1363,voice,KINYARWANDA,245,4,completed,,2025-03-13
S2977,U1105,voice,KINYARWANDA,158,9,completed,,2025-04-12
S2978,U1413,voice,KINYARWANDA,169,3,abandoned,repeated_errors,2025-01-12
S2979,U1341,voice,KINYARWANDA,112,8,transferred,,2025-01-26
S2980,U1219,voice,KINYARWANDA,74,8,abandoned,system,2025-01-27
S2981,U1390,voice,KINYARWANDA,195,5,completed,,2025-01-29
S2982,U1162,voice,KINYARWANDA,32,4,abandoned,,2025-01-15
S2983,U1438,voice,KINYARWANDA,217,14,completed,,2025-02-15
S2984,U1219,voice,KINYARWANDA,53,4,completed,,2025-04-27
S2985,U1269,voice,KINYARWANDA,75,11,completed,user_request,2025-01-01
S2986,U1119,voice,KINYARWANDA,104,13,abandoned,,2025-03-01
S2987,U1393,voice,KINYARWANDA,104,7,completed,system,2025-04-17
S2988,U1335,voice,KINYARWANDA,143,9,completed,user_request,2025-04-02
S2989,U1399,voice,KINYARWANDA,29,14,completed,,2025-02-26
S2990,U1181,voice,KINYARWANDA,97,7,transferred,,2025-01-03
S2991,U1478,voice,KINYARWANDA,134,9,abandoned,repeated_errors,2025-04-25
S2992,U1105,voice,KINYARWANDA,27,6,completed,,2025-01-18
S2993,U1216,voice,KINYARWANDA,76,10,abandoned,repeated_errors,2025-02-21
S2994,U1204,voice,KINYARWANDA,259,13,completed,,2025-03-01
S2995,U1069,voice,KINYARWANDA,68,12,abandoned,,2025-02-03
S2996,U1043,voice,KINYARWANDA,188,13,completed,,2025-04-06
S2997,U1328,voice,KINYARWANDA,94,12,transferred,,2025-04-03
S2998,U1300,voice,KINYARWANDA,307,9,completed,user_request,2025-03-30
S2999,U1227,voice,KINYARWANDA,87,12,abandoned,,2025-03-01
S3000,U1183,voice,KINYARWANDA,103,7,completed,user_request,2025-01-26
S3001,U1106,voice,KINYARWANDA,191,13,completed,,2025-04-13
S3002,U1083,voice,KINYARWANDA,44,8,completed,,2025-03-13
S3003,U1337,voice,KINYARWANDA,63,7,completed,,2025-01-19
S3004,U1249,voice,KINYARWANDA,362,9,completed,,2025-04-28
S3005,U1362,voice,KINYARWANDA,56,14,abandoned,,2025-04-21
S3006,U1440,voice,KINYARWANDA,108,4,completed,,2025-04-16
S3007,U1020,voice,KINYARWANDA,144,7,abandoned,user_request,2025-01-22
S3008,U1195,voice,KINYARWANDA,286,12,abandoned,,2025-04-03
S3009,U1177,voice,KINYARWANDA,16,5,abandoned,,2025-02-02
S3010,U1416,voice,KINYARWANDA,36,11,abandoned,user_request,2025-02-07
S3011,U1474,voice,KINYARWANDA,168,8,abandoned,repeated_errors,2025-04-19
S3012,U1006,voice,KINYARWANDA,291,12,completed,,2025-04-20
S3013,U1069,voice,KINYARWANDA,169,5,abandoned,,2025-02-04
S3014,U1126,voice,KINYARWANDA,32,9,completed,user_request,2025-04-17
S3015,U1398,voice,KINYARWANDA,63,6,abandoned,repeated_errors,2025-03-08
S3016,U1465,voice,KINYARWANDA,166,5,abandoned,,2025-03-24
S3017,U1159,voice,KINYARWANDA,39,10,completed,,2025-01-10
S3018,U1247,voice,KINYARWANDA,228,6,completed,user_request,2025-04-01
S3019,U1202,voice,KINYARWANDA,104,13,completed,,2025-01-15
S3020,U1147,voice,KINYARWANDA,25,3,abandoned,system,2025-01-11
S3021,U1471,voice,KINYARWANDA,152,8,transferred,,2025-04-21
S3022,U1142,voice,KINYARWANDA,81,12,completed,user_request,2025-03-31
S3023,U1431,voice,KINYARWANDA,62,13,abandoned,,2025-01-24
S3024,U1198,voice,KINYARWANDA,41,13,transferred,,2025-03-18
S3025,U1404,voice,KINYARWANDA,77,3,completed,user_request,2025-04-06
S3026,U1425,voice,KINYARWANDA,85,7,completed,,2025-04-11
S3027,U1153,voice,KINYARWANDA,116,9,abandoned,,2025-01-04
S3028,U1491,voice,KINYARWANDA,39,8,abandoned,,2025-01-13
S3029,U1375,voice,KINYARWANDA,45,4,transferred,,2025-03-14
S3030,U1383,voice,KINYARWANDA,249,13,completed,,2025-02-26
S3031,U1141,voice,KINYARWANDA,27,6,completed,repeated_errors,2025-04-23
S3032,U1312,voice,KINYARWANDA,181,13,completed,,2025-04-08
S3033,U1164,voice,KINYARWANDA,17,4,completed,,2025-04-30
S3034,U1313,voice,KINYARWANDA,177,13,completed,,2025-02-06
S3035,U1020,voice,KINYARWANDA,22,3,abandoned,repeated_errors,2025-02-17
S3036,U1081,voice,KINYARWANDA,180,5,completed,repeated_errors,2025-03-12
S3037,U1068,voice,KINYARWANDA,73,5,abandoned,,2025-01-01
S3038,U1130,voice,KINYARWANDA,71,14,completed,,2025-03-01
S3039,U1086,voice,KINYARWANDA,350,9,abandoned,system,2025-01-12
S3040,U1217,voice,KINYARWANDA,27,3,completed,,2025-01-21
S3041,U1420,voice,KINYARWANDA,72,11,completed,user_request,2025-01-11
S3042,U1471,voice,KINYARWANDA,134,13,completed,user_request,2025-02-13
S3043,U1304,voice,KINYARWANDA,155,8,transferred,user_request,2025-04-25
S3044,U1402,voice,KINYARWANDA,291,6,abandoned,,2025-02-27
S3045,U1370,voice,KINYARWANDA,20,5,completed,user_request,2025-04-18
S3046,U1344,voice,KINYARWANDA,264,5,completed,user_request,2025-02-13
S3047,U1340,voice,KINYARWANDA,39,4,transferred,repeated_errors,2025-03-19
S3048,U1383,voice,KINYARWANDA,44,4,completed,,2025-04-08
S3049,U1395,voice,KINYARWANDA,197,14,completed,,2025-02-03
S3050,U1444,voice,KINYARWANDA,232,12,abandoned,,2025-01-25
S3051,U1424,voice,KINYARWANDA,48,7,transferred,,2025-01-04
S3052,U1160,voice,KINYARWANDA,161,11,completed,repeated_errors,2025-03-05
S3053,U1177,voice,KINYARWANDA,72,4,completed,,2025-04-26
S3054,U1116,voice,KINYARWANDA,88,4,transferred,,2025-04-29
S3055,U1195,voice,KINYARWANDA,72,14,completed,,2025-03-31
S3056,U1382,voice,KINYARWANDA,27,8,completed,repeated_errors,2025-01-16
S3057,U1489,voice,KINYARWANDA,101,12,abandoned,system,2025-01-10
S3058,U1326,voice,KINYARWANDA,61,4,transferred,,2025-04-19
S3059,U1085,voice,KINYARWANDA,226,14,completed,,2025-03-07
S3060,U1288,voice,KINYARWANDA,142,6,transferred,,2025-02-04
S3061,U1080,voice,KINYARWANDA,183,8,abandoned,repeated_errors,2025-03-24
S3062,U1151,voice,KINYARWANDA,79,7,completed,repeated_errors,2025-01-06
S3063,U1060,voice,KINYARWANDA,72,3,transferred,system,2025-01-19
S3064,U1060,voice,KINYARWANDA,88,8,completed,,2025-02-28
S3065,U1353,voice,KINYARWANDA,335,3,completed,system,2025-02-22
S3066,U1027,voice,KINYARWANDA,38,5,abandoned,,2025-04-26
S3067,U1441,voice,KINYARWANDA,73,12,completed,repeated_errors,2025-04-25
S3068,U1042,voice,KINYARWANDA,68,7,completed,,2025-01-08
S3069,U1168,voice,KINYARWANDA,178,12,completed,user_request,2025-03-19
S3070,U1422,voice,KINYARWANDA,103,7,completed,,2025-01-10
S3071,U1085,voice,KINYARWANDA,58,12,abandoned,repeated_errors,2025-03-08
S3072,U1176,voice,KINYARWANDA,205,8,abandoned,user_request,2025-02-07
S3073,U1016,voice,KINYARWANDA,229,14,transferred,,2025-01-29
S3074,U1097,voice,KINYARWANDA,249,12,completed,,2025-01-15
S3075,U1453,voice,KINYARWANDA,80,10,completed,user_request,2025-03-28
S3076,U1493,voice,KINYARWANDA,140,7,completed,,2025-01-23
S3077,U1197,voice,KINYARWANDA,74,13,completed,,2025-03-23
S3078,U1097,voice,KINYARWANDA,126,3,completed,,2025-02-15
S3079,U1064,voice,KINYARWANDA,134,7,abandoned,repeated_errors,2025-03-24
S3080,U1329,voice,KINYARWANDA,72,5,transferred,,2025-01-28
S3081,U1340,voice,KINYARWANDA,88,6,transferred,,2025-01-26
S3082,U1004,voice,KINYARWANDA,49,10,completed,,2025-01-10
S3083,U1001,voice,KINYARWANDA,38,9,transferred,,2025-02-16
S3084,U1021,voice,KINYARWANDA,98,13,completed,user_request,2025-01-04
S3085,U1111,voice,KINYARWANDA,90,7,completed,system,2025-02-24
S3086,U1056,voice,KINYARWANDA,72,4,transferred,repeated_errors,2025-03-07
S3087,U1065,voice,KINYARWANDA,163,8,abandoned,,2025-03-08
S3088,U1329,voice,KINYARWANDA,102,13,completed,system,2025-01-07
S3089,U1097,voice,KINYARWANDA,113,8,completed,,2025-02-24
S3090,U1143,voice,KINYARWANDA,263,12,completed,,2025-03-21
S3091,U1367,voice,KINYARWANDA,242,12,abandoned,system,2025-01-31
S3092,U1434,voice,KINYARWANDA,147,13,completed,user_request,2025-03-15
S3093,U1124,voice,KINYARWANDA,196,8,transferred,repeated_errors,2025-01-19
S3094,U1166,voice,KINYARWANDA,16,11,completed,repeated_errors,2025-01-28
S3095,U1085,voice,KINYARWANDA,165,13,completed,,2025-03-22
S3096,U1075,voice,KINYARWANDA,88,10,completed,,2025-01-28
S3097,U1343,voice,KINYARWANDA,161,10,completed,repeated_errors,2025-01-19
S3098,U1494,voice,KINYARWANDA,50,3,completed,,2025-04-11
S3099,U1423,voice,KINYARWANDA,70,7,abandoned,,2025-03-28
S3100,U1293,voice,KINYARWANDA,65,9,transferred,user_request,2025-01-20
S3101,U1443,voice,KINYARWANDA,84,8,transferred,user_request,2025-01-13
S3102,U1058,voice,KINYARWANDA,171,7,abandoned,,2025-03-18
S3103,U1137,voice,KINYARWANDA,39,10,transferred,user_request,2025-02-12
S3104,U1098,voice,KINYARWANDA,93,5,abandoned,user_request,2025-01-11
S3105,U1191,voice,KINYARWANDA,110,8,abandoned,repeated_errors,2025-02-17
S3106,U1242,voice,KINYARWANDA,29,7,completed,,2025-01-15
S3107,U1318,voice,KINYARWANDA,108,10,completed,,2025-01-17
S3108,U1048,voice,KINYARWANDA,56,6,completed,,2025-02-23
S3109,U1447,voice,KINYARWANDA,90,10,completed,,2025-02-19
S3110,U1031,voice,KINYARWANDA,208,12,completed,,2025-01-28
S3111,U1390,voice,KINYARWANDA,89,4,transferred,,2025-03-24
S3112,U1276,voice,KINYARWANDA,230,11,completed,,2025-01-04
S3113,U1019,voice,KINYARWANDA,75,11,completed,system,2025-01-22
S3114,U1153,voice,KINYARWANDA,47,12,completed,,2025-03-27
S3115,U1382,voice,KINYARWANDA,134,12,completed,repeated_errors,2025-04-29
S3116,U1067,voice,KINYARWANDA,116,8,completed,repeated_errors,2025-04-11
S3117,U1365,voice,KINYARWANDA,148,6,completed,,2025-02-08
S3118,U1371,voice,KINYARWANDA,67,6,completed,system,2025-02-03
S3119,U1213,voice,KINYARWANDA,162,8,completed,repeated_errors,2025-04-07
S3120,U1142,voice,KINYARWANDA,50,7,abandoned,,2025-02-13
S3121,U1375,voice,KINYARWANDA,477,8,abandoned,user_request,2025-02-11
S3122,U1231,voice,KINYARWANDA,164,9,completed,,2025-02-09
S3123,U1212,voice,KINYARWANDA,178,9,completed,repeated_errors,2025-04-07
S3124,U1078,voice,KINYARWANDA,187,11,completed,,2025-01-12
S3125,U1213,voice,KINYARWANDA,171,10,abandoned,user_request,2025-01-02
S3126,U1115,voice,KINYARWANDA,41,8,completed,,2025-01-28
S3127,U1091,voice,KINYARWANDA,110,14,completed,repeated_errors,2025-03-15
S3128,U1269,voice,KINYARWANDA,83,8,abandoned,,2025-03-27
S3129,U1410,voice,KINYARWANDA,123,7,completed,repeated_errors,2025-03-22
S3130,U1380,voice,KINYARWANDA,113,3,completed,user_request,2025-03-31
S3131,U1488,voice,KINYARWANDA,47,11,completed,,2025-03-08
S3132,U1167,voice,KINYARWANDA,191,11,transferred,repeated_errors,2025-03-12
S3133,U1057,voice,KINYARWANDA,291,11,transferred,,2025-04-18
S3134,U1283,voice,KINYARWANDA,76,13,abandoned,user_request,2025-03-13
S3135,U1025,voice,KINYARWANDA,126,10,completed,,2025-03-25
S3136,U1368,voice,KINYARWANDA,137,12,completed,user_request,2025-03-17
S3137,U1446,voice,KINYARWANDA,63,5,transferred,user_request,2025-04-09
S3138,U1065,voice,KINYARWANDA,103,3,transferred,,2025-03-22
S3139,U1408,voice,KINYARWANDA,17,13,completed,,2025-04-02
S3140,U1247,voice,KINYARWANDA,142,14,abandoned,,2025-04-15
S3141,U1253,voice,KINYARWANDA,202,14,completed,user_request,2025-01-10
S3142,U1386,voice,KINYARWANDA,79,10,completed,,2025-03-27
S3143,U1455,voice,KINYARWANDA,71,9,abandoned,,2025-04-12
S3144,U1043,voice,KINYARWANDA,182,7,completed,user_request,2025-02-26
S3145,U1096,voice,KINYARWANDA,28,12,transferred,,2025-04-07
S3146,U1041,voice,KINYARWANDA,112,9,completed,repeated_errors,2025-03-27
S3147,U1499,voice,KINYARWANDA,59,12,completed,,2025-04-18
S3148,U1226,voice,KINYARWANDA,31,6,transferred,,2025-02-06
S3149,U1261,voice,KINYARWANDA,155,11,transferred,user_request,2025-03-18
S3150,U1166,voice,KINYARWANDA,175,13,completed,,2025-04-01
S3151,U1435,voice,KINYARWANDA,41,12,completed,,2025-03-05
S3152,U1278,voice,KINYARWANDA,188,4,abandoned,user_request,2025-03-20
S3153,U1088,voice,KINYARWANDA,139,11,completed,,2025-03-27
S3154,U1378,voice,KINYARWANDA,42,11,transferred,system,2025-04-04
S3155,U1177,voice,KINYARWANDA,32,7,transferred,system,2025-04-17
S3156,U1426,voice,KINYARWANDA,299,13,completed,,2025-02-09
S3157,U1402,voice,KINYARWANDA,87,3,completed,,2025-04-11
S3158,U1196,voice,KINYARWANDA,23,9,completed,repeated_errors,2025-04-08
S3159,U1306,voice,KINYARWANDA,93,12,transferred,,2025-04-18
S3160,U1266,voice,KINYARWANDA,75,12,completed,,2025-03-01
S3161,U1267,voice,KINYARWANDA,100,6,completed,repeated_errors,2025-04-08
S3162,U1073,voice,KINYARWANDA,106,11,completed,,2025-02-17
S3163,U1007,voice,KINYARWANDA,75,8,abandoned,user_request,2025-04-27
S3164,U1407,voice,KINYARWANDA,279,5,completed,,2025-04-09
S3165,U1475,voice,KINYARWANDA,82,8,completed,,2025-04-16
S3166,U1296,voice,KINYARWANDA,27,12,transferred,,2025-01-19
S3167,U1163,voice,KINYARWANDA,305,8,transferred,system,2025-03-13
S3168,U1484,voice,KINYARWANDA,42,7,abandoned,repeated_errors,2025-04-13
S3169,U1084,voice,KINYARWANDA,58,4,completed,user_request,2025-02-02
S3170,U1071,voice,KINYARWANDA,160,12,completed,,2025-02-13
S3171,U1054,voice,KINYARWANDA,56,12,abandoned,,2025-04-02
S3172,U1392,voice,KINYARWANDA,48,4,completed,,2025-02-06
S3173,U1046,voice,KINYARWANDA,175,9,transferred,,2025-04-22
S3174,U1398,voice,KINYARWANDA,139,4,abandoned,repeated_errors,2025-03-30
S3175,U1431,voice,KINYARWANDA,237,14,completed,repeated_errors,2025-02-05
S3176,U1237,voice,KINYARWANDA,101,8,transferred,,2025-03-22
S3177,U1103,voice,KINYARWANDA,5,7,transferred,system,2025-03-29
S3178,U1209,voice,KINYARWANDA,50,6,completed,,2025-01-21
S3179,U1041,voice,KINYARWANDA,366,9,completed,system,2025-01-02
S3180,U1315,voice,KINYARWANDA,147,10,completed,,2025-01-31
S3181,U1467,voice,KINYARWANDA,186,6,completed,,2025-04-18
S3182,U1453,voice,KINYARWANDA,329,3,completed,,2025-04-07
S3183,U1267,voice,KINYARWANDA,162,3,abandoned,,2025-01-30
S3184,U1385,voice,KINYARWANDA,147,3,transferred,repeated_errors,2025-03-17
S3185,U1262,voice,KINYARWANDA,190,13,completed,,2025-02-13
S3186,U1335,voice,KINYARWANDA,140,3,completed,,2025-01-12
S3187,U1386,voice,KINYARWANDA,94,7,abandoned,repeated_errors,2025-02-20
S3188,U1364,voice,KINYARWANDA,111,6,completed,repeated_errors,2025-02-18
S3189,U1258,voice,KINYARWANDA,163,11,transferred,user_request,2025-04-26
S3190,U1282,voice,KINYARWANDA,45,5,completed,,2025-01-24
S3191,U1113,voice,KINYARWANDA,155,9,completed,repeated_errors,2025-01-24
S3192,U1362,voice,KINYARWANDA,128,13,completed,repeated_errors,2025-03-01
S3193,U1039,voice,KINYARWANDA,6,10,abandoned,,2025-01-11
S3194,U1485,voice,KINYARWANDA,53,8,completed,,2025-01-13
S3195,U1416,voice,KINYARWANDA,88,14,abandoned,,2025-04-01
S3196,U1219,voice,KINYARWANDA,48,12,completed,,2025-03-13
S3197,U1128,voice,KINYARWANDA,245,3,completed,,2025-03-15
S3198,U1007,voice,KINYARWANDA,25,10,completed,,2025-03-13
S3199,U1100,voice,KINYARWANDA,118,12,transferred,repeated_errors,2025-03-05
